#Org.,Pro.,Eco.,Descrición,Vinc. Org.,Vinc. Fun.,Vinc. Eco.,"Créditos Iniciais",Modificacións de Crédito,Créditos Totais consignados,Obligas Recoñecidas
10,16220,64100,XESTION RSU.GASTOS EN APLICACIÓNS INFORMÁTICAS,10,1,6,70000,,70000,
10,16300,64100,LIMPEZA VIARIA E LIXO.GASTOS EN APLICACIÓNS INFORMÁTICAS,10,1,6,69000,,69000,
10,16500,64100,ALUMEADO PÚBLICO.GASTOS EN APLICACIÓNS INFORMÁTICAS,10,1,6,69000,,69000,
10,33402,22001,"NORMALIZACIÓN LINGÜÍSTICA. PRENSA, REVISTAS, LIBROS E O. PUB",10,3,2,300,,300,90.75
10,33402,22699,NORMALIZACIÓN LINGÜÍSTICA.OUTROS GTOS.DIV. ACTIVIDADES,10,3,2,70000,,70000,27024.47
10,33402,48900,NORMALIZACIÓN LINGÜÍSTICA. TRANFERENCIAS NOMINATIVAS,10,3,4,2500,,2500,
10,33402,48901,NORMALIZACION LINGÜISTICA. TRANFERENCIAS NON NOMINATIVAS,10,3,4,12000,,12000,
10,33403,22700,CSC. LIMPEZA E ASEO,10,3,2,257948.75,,257948.75,192499.02
10,33404,21200,P. CULTURAL.ASOC.VECIÑA.REPARAC. MANTEM. EDIFICIOS E O.CONST,10,3,2,5400,,5400,2195.58
10,33404,21300,"P.CULTURAL ASOC. VEC.REPARAC. MANTEM, MAQUIN.,INST. E UTILL.",10,3,2,3600,,3600,752.77
10,33404,21600,P.CULTURAL.ASOC.VEC.REPARA. MANTEN. EQUIPOS PROCESOS INFORM.,10,3,2,1000,,1000,979.28
10,33404,22000,P.CULTURAL. ASOC.VECIÑAIS. MATERIAL OFICINA ORD NON INVENT,10,3,2,250,,250,
10,33404,22001,"P.CULTURAL. ASOCIACIÓNS VECIÑAIS. PRENSA, REV. E O. PUBLICAC",10,3,2,1000,,1000,1586.08
10,33404,22102,P. CULTULRAL. ASOCIACIÓNS VECIÑAIS. GAS.,10,3,2,4000,,4000,2148.92
10,33404,22300,P. CULTURAL. ASOCIACIÓNS VECIÑAIS. TRANSPORTES.,10,3,2,1500,,1500,
10,33404,22501,ASOCIACIÓNS VECIÑAIS. TRIBUTOS DE LAS COMUNIDADES AUTÓNOMAS.,10,3,2,,,,
10,33404,22699,P.CULTURAL. ASOC. VECIÑAIS. OUTROS GTOS. DIV. ACTIVIDADES,10,3,2,10000,,10000,2420
10,33404,22701,P. CULTURAL. ASOCIACIÓNS VECIÑAIS. SEGURIDADE,10,3,2,1100,,1100,1099.95
10,33404,22799,P.CULTURAL.ASOC.VECIÑAIS. OUTROS TRAB REALIZ OUTRAS EMPRESAS,10,3,2,5500,,5500,2873.75
10,33404,48901,P.CULTURAL ASOCIACIÓNS VECIÑAIS. TRANSF. NON NOMINATIVAS,10,3,4,72800,,72800,
10,34200,22700,INSTALACIÓNS DEPORTIVAS. LIMPEZA E ASEO,10,3,2,174112.73,,174112.73,129934.89
10,43200,22602,PROMOCIÓN TURISTICA.PUBLICIDADE E PROPAGANDA.,10,4,2,,,,5102.4
10,43200,22699,PROMOCIÓN TURÍSTICA. PROMOCIÓN DA CIDADE,10,4,2,100000,-16000,84000,2528.9
10,49100,22200,SODCIEDADE DA INFORMACIÓN SERVIZO DE TELECOMUNICACIÓNS.,10,4,2,269172.98,,269172.98,66593.98
10,49100,64100,SOCIEDADE DA INFORMACIÓN.GASTOS EN APLICACIÓNS INFORMÁTICAS,10,4,6,72800,,72800,
10,91200,22000,ÓRGANOS DE GOBERNO. MATERIAL DE OFICINA ORDINARIO NON INVENT,10,9,2,1000,,1000,364.16
10,91200,22602,ORGANOS DE GOBERNO. PUBLICIDADE E PROPAGANDA.,10,9,2,110000,,110000,20989.44
10,91200,22606,"ORGANOS DE GOBERNO. REUNIONS, CONFERENCIAS E CURSOS.",10,9,2,5000,,5000,
10,91200,22699,ORGANOS DE GOBERNO. OUTROS GASTOS DIVERSOS,10,9,2,10000,,10000,478.86
10,91200,22706,ORGANOS DE GOBERNO. ESTUDOS E TRABALLOS TÉCNICOS,10,9,2,10000,,10000,
10,91200,23000,ÓRGANOS DE GOBERNO. DIETAS DE CARGOS ELECTOS,10,9,2,5000,,5000,2757.37
10,91200,23100,ÓRGANOS DE GOBERNO. LOCOMOCIÓN DE CARGOS ELECTOS,10,9,2,8000,,8000,9504.04
10,91200,23300,ÓRGANOS DE GOBERNO. OUTRAS INDEMNIZACIÓNS,10,9,2,45000,,45000,26143.5
10,91200,48900,ÓRGANOS DE GOBERNO. TRANFERENCIAS GRUPOS MUNICIPAIS,10,9,4,156700,,156700,115485
10,91200,48901,ÓRGANOS DE GOBERNO. OUTRAS TRANSFERENCIAS NON NOMINATIVAS,10,9,4,,,,
10,91201,22601,PROTOCOLO. ATENCIONS PROTOCOLARIAS E REPRESENTATIVAS,10,9,2,80000,,80000,126619.44
10,91201,22699,PROTOCOLO. OUTROS GASTOS DIVERSOS,10,9,2,10000,,10000,281.15
10,92000,20200,ADMINISTRACIÓN XERAL.ARRENDAMENTOS EDIFICIOS E OUTRAS CONSTR,10,9,2,144895.57,,144895.57,106156.65
10,92000,20300,ADMON. XERAL. ARRENDAMENTO MAQUIN. INSTALAC. E UTILL.,10,9,2,,,,
10,92000,20400,ADMINISTRACIÓN XERAL. ARRENDAMENTO MATERIAL DE TRANSPORTE,10,9,2,41019,,41019,27346
10,92000,21000,ADMON.XERAL.REPARAC. MANTEM. E CONSERVAC. INFRAESTR.,10,9,2,,1363.42,1363.42,
10,92000,21200,ADMÓN  XERAL. REPARAC. MANTEM. EDIFICIOS E O.CONSTRUC.,10,9,2,80000,,80000,42561.82
10,92000,21300,"ADMON XERAL. REPARAC. MANTEM, MAQUIN.,INSTA E UTILLA.",10,9,2,5800,,5800,145.62
10,92000,21400,ADMINISTRACIÓN XERAL. REPARAC. MANTEM. MATERIAL TRANSPORTE,10,9,2,90000,,90000,54513.09
10,92000,21500,REPARAC. MANTEM. E CONSERV. MOBILIARIO,10,9,2,,,,2969.34
10,92000,21600,ADMON XERAL. REPARA. MANTEN. EQUIPOS PROCESOS INFORM.,10,9,2,5000,,5000,4461.98
10,92000,22000,ADMÓN. XERAL. MATERIAL DE OFICINA ORD NON INVENTARIABLE,10,9,2,70506.48,,70506.48,31835.55
10,92000,22103,ADMINISTRACIÓN XERAL. COMBUSTIBLES E CARBURANTES.,10,9,2,100000,,100000,24401.83
10,92000,22104,ADMINISTRACIÓN XERAL VESTIARIO.,10,9,2,2700,,2700,
10,92000,22110,ADMINISTRACIÓN XERAL PRODUTOS DE LIMPIEZA Y ASEO.,10,9,2,360,,360,
10,92000,22112,ADMON. XERAL. SUBMIN. DE MATERIAL ELECT. E TELECOMUNIC,10,9,2,,,,
10,92000,22195,PPA 2015 (010 92000 22103),10,9,2,,9487.34,9487.34,
10,92000,22201,ADMINISTRACIÓN XERAL. CORREO E SEVIZOS URXENTES.,10,9,2,260000,,260000,171265.86
10,92000,22401,ADMINISTRACIÓN XERAL. PRIMAS DE SEGUROS. PARQUE MÓBIL.,10,9,2,30960,,30960,24897.11
10,92000,22402,ADMINISTRACIÓN XERAL. PRIMAS DE SEGUROS. SRC. PATRIMONIAL,10,9,2,71004.22,,71004.22,48006.33
10,92000,22502,ADMINISTRACIÓN XERAL. TRIBUTOS DAS ENTIDADES LOCAIS,10,9,2,3000,,3000,
10,92000,22602,ADMINISTRACIÓN XERAL. PUBLICIDADE E PROPAGANDA,10,9,2,1500,,1500,
10,92000,22603,ADMINISTRACIÓN XERAL. PUBLICACIÓNS EN DIARIOS OFICIAIS,10,9,2,10000,,10000,14053.27
10,92000,22604,ADMINISTRACIÓN XERAL. GASTOS XURÍDICOS E CONTENCIOSOS,10,9,2,200000,,200000,157483.03
10,92000,22699,ADMINISTRACIÓN XERAL. OUTROS GASTOS DIVERSOS,10,9,2,22240,,22240,12128.01
10,92000,22700,ADMINISTRACIÓN XERAL. LIMPEZA,10,9,2,570534.58,,570534.58,464158.21
10,92000,22701,ADMINISTRACIÓN XERAL. SEGURIDADE,10,9,2,3000,,3000,1087.63
10,92000,22705,ADMINISTRACIÓN XERA. PROCESOS ELECTORAIS,10,9,2,1500,,1500,
10,92000,22799,ADMON XERAL. OUTROS TRAB. REALIZADOS POR OUTRAS EMPRESAS,10,9,2,28000,,28000,1754.34
10,92000,23000,AXUDAS CUSTE PERSOAL DIRECTIVO,10,9,2,,,,
10,92000,23020,ADMINISTRACIÓN XERAL. DIETAS PERSOAL NON DIRECTIVO,10,9,2,18000,,18000,4850.59
10,92000,23100,LOCOMOCIÓN.PERSOAL DIRECTIVO,10,9,2,,,,
10,92000,23120,ADMINISTRACIÓN XERAL. LOCOMOCIÓN PERSOAL NON DIRECTIVO,10,9,2,15000,,15000,6164.41
10,92000,62300,"ADMINISTRACIÓN XERAL.MAQUINARIA, INSTALACIONS E UTILLAXE",10,9,6,20000,-12629.5,7370.5,
10,92001,21300,"INFORMÁTICA. REPARAC. MANTEM, MAQUIN.,INSTA E UTILLA.",10,9,2,1010,,1010,
10,92001,21600,INFORMÁTICA. REPARA. MANTEN. EQUIPOS PROCESOS INFORM.,10,9,2,10100,,10100,
10,92001,22001,"INFORMÁTICA. PRENSA, REVISTAS E OUTRAS PUBLICACIÓNS",10,9,2,23850,,23850,
10,92001,22002,INFORMATICA. MATERIAL INFORMÁTICO NON INVENTARIABLE.,10,9,2,24161.23,,24161.23,10551.32
10,92001,22699,INFORMÁTICA. OUTROS GASTOS DIVERSOS,10,9,2,2525,,2525,496.08
10,92001,22706,INFORMÁTICA. ESTUDOS E TRABALLOS TÉCNICOS,10,9,2,120303.43,,120303.43,53898.27
10,92001,22799,INFORMÁTICA. OUTROS TRAB REALIZ POR OTRAS EMPRESAS E PROFES,10,9,2,347848.24,,347848.24,57547.88
10,92001,62600,INFORMÁTICA.EQUIPOS PARA PROCESOS DE INFORMACION,10,9,6,16000,2797.36,18797.36,359.01
10,92001,64100,INFORMÁTICA.GASTOS EN APLICACIÓNS INFORMÁTICAS,10,9,6,134330,,134330,
10,92001,72300,INFORMATICA.TRANSF CAP ASOC MERC ENT PUBL EMP E ORG PUB EST,10,9,7,100000,,100000,
10,92500,21600,ATENCIÓN CIDADÁ. REPARA. MANTEN. EQUIPOS PROCESOS INFORM.,10,9,2,350,,350,160.11
10,92501,21600,COMUNICACIÓN. REPARA. MANTEN. EQUIPOS PROCESOS INFORM.,10,9,2,1000,,1000,
10,92501,22001,"COMUNICACIÓN PRENSA, REVISTAS, LIBROS E OUTRAS PUBLICACIÓNS.",10,9,2,44000,,44000,50553.55
10,92501,22602,COMUNICACIÓN. PUBLICIDADE E PROPAGANDA,10,9,2,99000,,99000,136126.4
10,93300,63200,XESTIÓN PATRIMONIO. INV. REPOSICION EDIFICIOS E CONSTRUCC.,10,9,6,,51111.09,51111.09,
10,94300,46600,TRANSF OUTRAS ENTIDADES LOCAIS QUE AGRUPEN CONCELLOS,10,9,4,90000,,90000,74846.55
10,94300,46700,TRANSFERENCIAS A EE.LL. CONSORCIOS,10,9,4,1361295.28,,1361295.28,1020941.12
20,23100,20300,ARRENDAMENTO MAQUIN. INSTALAC. E UTILL.,20,2,2,,,,
20,23100,21200,ASIST.SOCIAL PRIMARIA. REPARAC. MANTEN.EDIFICIOS E O. CONST.,20,2,2,6579.65,,6579.65,3304.8
20,23100,21300,ASISTENCIA SOCIAL PRIMARIA. REPAR. MANTEM. MAQ. INSTA E UTIL,20,2,2,370,,370,402.61
20,23100,21600,"ASISTENCIA SOCIAL PRIMARIA. REPAR.MANTEM, EQUIPOS PROC. INFO",20,2,2,8000,,8000,2418.65
20,23100,22001,"ASIST. SOC. PRIMARIA. PRENSA, REVISTAS, LIBROS E O. PUBLICAC",20,2,2,349,,349,
20,23100,22103,ASISTENCIA SOCIAL PRIMARIA.  COMBUSTIBLES E CARBURANTES,20,2,2,15200,,15200,9419.68
20,23100,22602,ASISTENCIA SOCIAL PRIMARIA. PUBLICIDADE E PROPAGANDA.,20,2,2,,,,
20,23100,22603,PUBLICACIÓN EN DIARIOS OFICIALES.,20,2,2,,,,
20,23100,22699,ASISTENCIA SOCIAL PRIMARIA. OUTROS GASTOS DIVERSOS,20,2,2,93000,,93000,9185.33
20,23100,22701,ASISTENCIA SOCIAL PRIMARIA. SEGURIDADE,20,2,2,981.35,,981.35,704.38
20,23100,22703,ASIST.SOCIAL PRIMARIA.DEPENDENTES.CONTRATO PRESTACIÓN SERV.,20,2,2,1304441.28,,1304441.28,692362.99
20,23100,22706,ASISTENCIA SOCIAL PRIMARIA. ESTUDIOS E TRABALLOS TÉCNICOS,20,2,2,,,,19819.8
20,23100,48000,ASISTENCIA SOCIAL PRIMARIA. ATENCIÓNS BENÉFICAS E ASISTENCIA,20,2,4,529500,,529500,
20,23100,48001,ASISTENCIA SOCIAL PRIMARIA. TRANSF. NON NOMINATIVAS,20,2,4,1500000,-90000,1410000,220230.61
20,23100,62600,ASIST.SOCIAL PRIMARIA.EQUIPOS PARA PROCESOS DE INFORMACION,20,2,6,6000,,6000,
20,23100,64100,ASIT.SOCIAL PRIMARIA.GASTOS EN APLICACIÓNS INFORMÁTICAS,20,2,6,2450.25,,2450.25,
20,23101,21200,UMAD. REPARAC. MANTEM. EDIFICIOS E OUTRAS CONSTRUCCIÓNS.,20,2,2,50000,,50000,33539.65
20,23101,21300,"UMAD. REPARAC. MANTEM, MAQUIN.,INSTA E UTILLA.",20,2,2,3000,,3000,743.38
20,23101,22001,"UMAD. PRENSA, REVISTAS, LIBROS E OUTRAS PUBLICACIÓNS.",20,2,2,30,,30,
20,23101,22103,UMAD. COMBUSTIBLES E CARBURANTES.,20,2,2,6000,,6000,5090.66
20,23101,22105,UMAD. PRODUCTOS ALIMENTICIOS.,20,2,2,810,,810,240.19
20,23101,22106,UMAD. PRODUCTOS FARMACÉUTICOS E MATERIAL SANITARIO.,20,2,2,2709.38,,2709.38,2228.02
20,23101,22195,OPAS 2015 (020 23101 22103),20,2,2,,535.8,535.8,
20,23101,22199,UMAD. OUTROS SUBMINISTROS.,20,2,2,3000,,3000,
20,23101,22699,UMAD. OUTROS GASTOS DIVERSOS,20,2,2,93765,,93765,4616.76
20,23101,22701,UMAD. SEGURIDADE,20,2,2,39763.33,,39763.33,22629.45
20,23101,48001,SUBVENCIONS. CTES. A INST. SEN FINS DE LUCRO,20,2,4,,,,
20,23102,48000,ATENCIÓNS BENÉFICAS E ASISTENCIAIS,20,2,4,,,,
20,23102,62500,MULLER. MOBILIARIO,20,2,6,,,,
20,23102,62600,MULLER. EQUIPOS PRA PROCESOS DE INFORMACION,20,2,6,,,,
20,23103,22699,EMIGRACIÓN/INMIGRACIÓN. OUTROS GASTOS DIVERSOS,20,2,2,20000,,20000,19239
20,23103,22706,EMIGRACIÓN/INMIGRACIÓN. ESTUDOS E TRABALLOS TÉCNICOS,20,2,2,40000,,40000,
20,23103,48000,EMIGRACIÓN/INMIGRACIÓN. TRANSF. NOMINATIVAS E COTAS NOMINATI,20,2,4,48500,-24000,24500,4498.8
20,23103,49001,EMIGRACIÓN/INMIGRACIÓN.TRANSF CORR NON NOMINATIVAS EXT,20,2,4,36000,24000,60000,
20,23104,22602,PUBLICIDAD Y PROPAGANDA.,20,2,2,,,,
20,32300,22200,SERVICIOS DE TELECOMUNICACIONES.,20,3,2,,,,
20,32302,21300,ESCOLAS INFANTÍS CONVEN CONSORCIO. REPAR MANTEN MAQUI. INSTA,20,3,2,,,,
20,34100,23020,AXUDAS DE CUSTE.DO PERSOAL NON DIRECTIVO.,20,3,2,,,,
30,1100,31000,DÉBEDA PÚBLICA.XUROS OPERACIONS ENDEBEDAMENTO,30,1,3,794406.67,,794406.67,551956.47
30,1100,91300,DÉBEDA PÚBLICA.AMORTIZACION PRESTAMOS,30,1,9,9138383.47,1646911.95,10785295.42,6403600.73
30,13200,12000,SUELDOS DEL GRUPO A1.,30,1,1,33463.8,,33463.8,23068.33
30,13200,12001,SEGURIDADE E ORDE PUBLICO. SUELDOS DEL GRUPO A2.,30,1,1,144998.4,,144998.4,936643.05
30,13200,12003,SEGURIDADE E ORDEN PUBLICA.SUELDOS DEL GRUPO C1.,30,1,1,1528045.44,-14277.75,1513767.69,991417.44
30,13200,12006,SEGURIDADE E ORDE PUBLICO. TRIENIOS.,30,1,1,290240.76,-3064.19,287176.57,238307.93
30,13200,12009,SEGURIDADE E ORDE PUBLICO. PAGA EXTRA 2012,30,1,1,152361.85,-2011.74,150350.11,
30,13200,12100,SEGURIDADE E ORDEN PUBLICO.COMPLEMENTO DE DESTINO,30,1,1,747363.36,-6127.3,741236.06,528851.18
30,13200,12101,SEGURIDADE E ORDEN PUBLICO.COMPLEMENTO ESPECÍFICO.,30,1,1,2031071.28,-14242.22,2016829.06,687639.72
30,13200,12500,SEGURIDADE E ORDEN PUBLICO RETRIB.. PROMOCIÓN INTERNA,30,1,1,60462.36,,60462.36,
30,13200,15000,SEGURIDADE E O. PUBLICO COMPLEM. PRODUCTIVIDADE FUNCIONARIOS,30,1,1,3706.2,,3706.2,2752.11
30,13200,15100,SEGURIDADE E ORDE PUBLICO.GRATIFICACIONS,30,1,1,515000,,515000,141210.23
30,13200,16000,SEGURIDADE E ORDE PUBLICO.SEGURIDADE SOCIAL,30,1,1,1281196.08,-10679.59,1270516.49,1083132.31
30,13200,16400,SEGURIDADE E O. PUBLICCOMPL. FAMILIAR DE PERSOAL FUNCIONARIO,30,1,1,10605,,10605,5875
30,13300,12001,TRAFICO. SUELDOS DEL GRUPO A2.,30,1,1,14725.2,,14725.2,5169.41
30,13300,12003,TRAFICO. SUELDOS DEL GRUPO C1.,30,1,1,11426.76,,11426.76,4052.39
30,13300,12004,TRAFICO. SUELDOS DEL GRUPO C2.,30,1,1,37888.08,,37888.08,25775.5
30,13300,12006,TRAFICO. TRIENIOS.,30,1,1,13865.4,,13865.4,12071.19
30,13300,12009,TRAFICO. OUTRAS RETRIB. BASICAS. PAGA EXTRA 2012,30,1,1,7049.95,,7049.95,
30,13300,12100,TRAFICO. COMPLEMENTO DE DESTINO,30,1,1,30751.8,,30751.8,23064.03
30,13300,12101,TRAFICO. COMPLEMENTO ESPECÍFICO.,30,1,1,81683.16,,81683.16,65149.7
30,13300,13000,TRÁFICO. RETRIBUCIONS BÁSICAS.,30,1,1,11887.56,,11887.56,8950.14
30,13300,13002,TRÁFICO. RETRIBUCIONS COMPLEMENTARIAS.,30,1,1,12968.76,,12968.76,9726.66
30,13300,13009,TRAFICIO.OUTRAS RETRIB BASICAS. PAGA EXTRA 2012,30,1,1,901.19,,901.19,
30,13300,16000,TRAFICIO.SEGURIDADE SOCIAL,30,1,1,54614.52,,54614.52,43236.7
30,13600,12001,BOMBEIROS. SUELDOS DEL GRUPO A2.,30,1,1,14213.04,,14213.04,
30,13600,12003,BOMBEIROS. SUELDOS DEL GRUPO C1.,30,1,1,11432.28,,11432.28,7800.46
30,13600,12004,BOMBEIROS. SUELDOS DEL GRUPO C2.,30,1,1,526172.88,-16700.37,509472.51,319663.66
30,13600,12006,BOMBEIROS. TRIENIOS.,30,1,1,73608.72,-3301.62,70307.1,58509.48
30,13600,12009,BOMBEIROS. OUTRAS RETRIB. BASICAS. PAGA EXTRA 2012,30,1,1,55063.73,-2876.77,52186.96,
30,13600,12100,BOMBEIROS.COMPLEMENTO DE DESTINO,30,1,1,256456.08,-7548.29,248907.79,165738.72
30,13600,12101,BOMBEIROS .COMPLEMENTO ESPECÍFICO.,30,1,1,777085.2,-19516.29,757568.91,544203.21
30,13600,12500,BOMBEIROS. O. RETRIBUCIONS.. PROMOCIÓN INTERNA,30,1,1,20526.24,,20526.24,
30,13600,15100,BOMBEIROS.GRATIFICACIONS.,30,1,1,127000,,127000,93379.38
30,13600,16000,BOMBEIROS.SEGURIDAD SOCIAL.,30,1,1,570961.2,-13556.62,557404.58,444839.24
30,13600,16400,BOMBEIROS. COMPLEMENTO FAMILIAR DE PERSOAL FUNCIONARIO,30,1,1,3030,,3030,2250
30,15000,12000,ADMON. XEERAL . VIVENDA E URBANISMO.SOLDOS DEL GRUPO A1.,30,1,1,197266.68,,197266.68,120345.71
30,15000,12001,ADMON  XERAL VIVENDA E URBANISMO. SUELDOS DEL GRUPO A2.,30,1,1,87077.04,,87077.04,60030.6
30,15000,12003,ADMON XERAL VIVENDA E URBANISMO. SUELDOS DEL GRUPO C1.,30,1,1,145335.36,,145335.36,91011.35
30,15000,12004,ADMON. XERAL VIVENDA E URBANISMO. SUELDOS DEL GRUPO C2.,30,1,1,56640.24,,56640.24,38663.29
30,15000,12006,ADMON. XERAL VIVENDA E URBANISMO TRIENIOS.,30,1,1,87236.88,,87236.88,75116.86
30,15000,12009,VIVENDA E URBANISMO. BASICAS. PAGA EXTRA 2012,30,1,1,43052.67,,43052.67,
30,15000,12100,ADMON. XERAL VIVENDA E URBANISMO. COMPLEMENTO DE DESTINO.,30,1,1,230657.04,,230657.04,160527.49
30,15000,12101,ADMON XERAL VIVENDA E URBANISMO.COMPLEMENTO ESPECÍFICO.,30,1,1,637585.92,,637585.92,462288.05
30,15000,13000,ADMÓN XERA. VIVENDA E URBANISMO. RETRIBUCIÓNS BÁSICAS.,30,1,1,44208.3,,44208.3,38476.77
30,15000,13002,ADMÓN XERAL. VIVENDA E URBANISMO. RETRIBUCIONS COMPLEMENTA.,30,1,1,45759.6,,45759.6,41506.84
30,15000,13009,ADMON XRAL VIVENDA E URBA.RETRIB. PAGA EXTRA 2012,30,1,1,2686.07,,2686.07,
30,15000,13100,RETRIBUCIÓNS PERSOAL LABORAL TEMPORAL,30,1,1,,,,87.68
30,15000,13102,ADMON XRAL. VIVENDA E URBANISMO. RETR.COMPLEM. LABORAIS TEMP,30,1,1,9260.28,,9260.28,467.56
30,15000,16000,ADMON XERAL VIVENDA E URBANISMO.SEGURIDAD SOCIAL.,30,1,1,370681.8,,370681.8,268457.54
30,15100,13100,ADMON XRAL  VIVENDA FRETRIBUCIÓNS PERSOAL LABORAL TEMPORAL,30,1,1,7890.14,,7890.14,
30,15320,12003,PAVIMENTACIÓN DE VIAS PUBLICAS. SUELDOS DEL GRUPO C1.,30,1,1,11472.6,,11472.6,7726.65
30,15320,12004,PAVIMENTACION DE VIAS PUBLICAS. SUELDOS DEL GRUPO C2.,30,1,1,57473.4,,57473.4,36848.15
30,15320,12006,PAVIMENTACION E VIAS PUBLICAS. TRIENIOS.,30,1,1,16968.36,,16968.36,13964.55
30,15320,12009,PAVIMENTACION DE VIAS PUBLICAS. BASICAS. PAGA EXTRA 2012,30,1,1,13385.68,,13385.68,
30,15320,12100,PAVIMENTACION DE VIAS PUBLICAS.COMPLEMENTO DE DESTINO.,30,1,1,32713.68,,32713.68,23461.64
30,15320,12101,PAVIMENTACION DE VIAS PUBLICAS.COMPLEMENTO ESPECÍFICO.,30,1,1,82029.48,,82029.48,67855.04
30,15320,13000,PAVIMENTO E VÍAS PÚBLICAS. RETRIBUCIONS BÁSICAS.,30,1,1,38776.48,,38776.48,26208.18
30,15320,13002,PAVIMENTACIÓNS DE VÍAS PÚBLICAS.RETRIBUCIONS COMPLEMENTARIAS,30,1,1,40906.2,,40906.2,24721.35
30,15320,13009,PAVIMENTACION VIAS PUBLICAS.RETRIB.PAGA EXTRA 2012,30,1,1,1871.07,,1871.07,
30,15320,13100,PAV.VIAS PUBLICAS.RETRIBUCIÓNS PERSOAL LABORAL TEMPORAL,30,1,1,10520.18,,10520.18,7075.91
30,15320,13102,PAVIMENTACION VIAS PUBLICAS. RETR. COMPL. LABORAIS TEMPORAIS,30,1,1,12347.04,,12347.04,9260.37
30,15320,16000,PAVIMENTACION DE VIAS PUBLICAS.SEGURIDE SOCIAL,30,1,1,95754.48,,95754.48,75668
30,15320,16202,TRANSPORTE DE PERSONAL.,30,1,1,,,,2693.88
30,15320,16400,PAVIMENTACION V PCOMPLEMENTO FAMILIAR DE PERSOAL FUNCIONARIO,30,1,1,3030,,3030,2250
30,17100,12003,PARQUES E XARDINS. SOLDOS DEL GRUPO C1.,30,1,1,55983.96,,55983.96,36380.42
30,17100,12004,PARQUES E XARDINS. SUELDOS DEL GRUPO C2.,30,1,1,94569.6,,94569.6,62580.64
30,17100,12006,PARQUES E XARDINS. TRIENIOS.,30,1,1,28938.96,,28938.96,24317.49
30,17100,12009,PARQUES E XARDINS. BASICAS. PAGA EXTRA 2012,30,1,1,11819.62,,11819.62,
30,17100,12100,PARQUES E XARDINS.COMPLEMENTO DE DESTINO.,30,1,1,68274.72,,68274.72,48618.76
30,17100,12101,PARQUES E XARDINS. COMPLEMENTO ESPECÍFICO.,30,1,1,171040.44,,171040.44,131279.22
30,17100,13000,PARQUES E XARDÍNS. RETRIBUCIONS BÁSICAS.,30,1,1,25199.3,,25199.3,19021.16
30,17100,13002,PARQUES E XARDÍNS. RETRIBUCIONS COMPLEMENTARIAS.,30,1,1,26482.8,,26482.8,19862.1
30,17100,13009,PARQUES E XARDINS.BASICAS.PAGA EXTRA 2012,30,1,1,3793.69,,3793.69,
30,17100,16000,PARQUES E XARDINS. SEGURIDAD SOCIAL.,30,1,1,123055.2,,123055.2,97940.74
30,17200,12000,.MEDIO AMBIENTE.SUELDOS DEL GRUPO A1.,30,1,1,32534.76,,32534.76,22807.96
30,17200,12001,MEDIO AMBIENTE.SUELDOS DEL GRUPO A2.,30,1,1,14475.12,,14475.12,9979.16
30,17200,12006,MEDIO AMBIENTE. TRIENIOS.,30,1,1,8540.52,,8540.52,6978.37
30,17200,12009,MEDIO AMBIENTE. BASICAS. PAGA EXTRA 2012,30,1,1,3225.15,,3225.15,
30,17200,12100,MEDIO AMBIENTE.COMPLEMENTO DE DESTINO.,30,1,1,20309.28,,20309.28,15231.96
30,17200,12101,MEDIO AMBIENTE .COMPLEMENTO ESPECÍFICO.,30,1,1,62313.12,,62313.12,47592.61
30,17200,13000,RETRIBUCIONS BÁSICAS.,30,1,1,,,,874.95
30,17200,13009,MEDIO AMBIENTE.BASICAS.PAGA EXTRA 2012,30,1,1,874.95,,874.95,
30,17200,16000,MEDIO AMBIENTE.SEGURIDADE SOCIAL,30,1,1,33435.12,,33435.12,25097.7
30,23100,12000,ASISTENCIA SOCIAL PRIMARIA.SUELDOS DEL GRUPO A1.,30,2,1,16930.68,,16930.68,11664.35
30,23100,12001,ASISTENCIA SOCIAL PRIMARIA.SUELDOS DEL GRUPO A2.,30,2,1,14725.2,,14725.2,10055.44
30,23100,12003,ASISTENCIA SOCIAL PRIMARIA. SUELDOS DEL GRUPO C1.,30,2,1,11123.76,,11123.76,7606.58
30,23100,12004,ASISTENCIA SOCIAL PRIMARIA. SUELDOS DEL GRUPO C2.,30,2,1,9491.64,,9491.64,6432.18
30,23100,12006,ASISITENCIA SOCIAL PRIMARIA. TRIENIOS.,30,2,1,12458.4,,12458.4,10225.61
30,23100,12009,ASISTENCIA SOCIAL PRIMARIA. BASICAS. PAGA EXTRA 2012,30,2,1,14835.04,,14835.04,
30,23100,12100,ASISTENCIA SOCIAL PRIMARIA. COMPLEMENTO DE DESTINO.,30,2,1,26179.8,,26179.8,19634.85
30,23100,12101,ASISTENCIA SOCIAL PRIMARIA.COMPLEMENTO ESPECÍFICO.,30,2,1,73848.96,,73848.96,56891.25
30,23100,13000,ASISTENCIA SOCIAL PRIMARIA. RETRIBUCIONS BÁSICAS.,30,2,1,314898.92,,314898.92,200817.63
30,23100,13002,ASISTENCIA SOCIAL PRIMARIA. RETRIBUCIONS COMPLEMENTARIAS.,30,2,1,332431.92,,332431.92,282719.98
30,23100,13009,ASISTENCIA SOCIAL PRIMARIA.BASICAS. PAGA EXTRA 2012,30,2,1,4328.91,,4328.91,
30,23100,16000,ASISTENCIA SOCIAL PRIMARIA.SEGURIDADE SOCIAL,30,2,1,232198.32,,232198.32,196312.54
30,23100,16400,COMPLEMENTO FAMILIAR DE PERSOAL FUNCIONARIO,30,2,1,,,,4500
30,23101,13000,UMAD. RETRIBUCIONS BÁSICAS.,30,2,1,274448.6,,274448.6,187970.34
30,23101,13002,UMAD. RETRIBUCIONS COMPLEMENTARIAS,30,2,1,288157.56,,288157.56,188654.73
30,23101,13009,UMAD.BASICAS.EXTRA 2012,30,2,1,16704.15,,16704.15,
30,23101,16000,UMAD.SEGURIDAD SOCIAL.,30,2,1,173760.6,,173760.6,126291.71
30,23102,13000,MULLER. RETRIBUCIONS BÁSICAS.,30,2,1,34112.9,,34112.9,25456.15
30,23102,13002,MULLER. RETRIBUCIONS COMPLEMENTARIAS.,30,2,1,36268.44,,36268.44,27087.57
30,23102,13009,MULLER.BASICAS.PAGA EXTRA 2012,30,2,1,2042.97,,2042.97,
30,23102,16000,SEGURIDAD SOCIAL.,30,2,1,21775.32,,21775.32,16564.86
30,23103,13000,EMIGRACIÓN/ INMIGRACIÓN. RETRIBUCIONS BÁSICAS.,30,2,1,20379.32,,20379.32,15034.22
30,23103,13002,EMIGRACIÓN /INMIGRACIÓN. RETRIBUCIONS COMPLEMENTARIAS.,30,2,1,21376.8,,21376.8,16032.6
30,23103,13009,EMIGRACION/IMIGRACION.BASICAS.PAGA EXTRA 2012,30,2,1,1095.79,,1095.79,
30,23103,16000,EMIGRACION/INMIGRACION.SEGURIADE SOCIAL,30,2,1,12902.64,,12902.64,9766.24
30,24100,12001,FOMENTO DO EMPREGO.SUELDOS DEL GRUPO A2.,30,2,1,13465.34,377.28,13842.62,8741.42
30,24100,12003,FOMENTO DO EMPREGO. SUELDOS DEL GRUPO C1.,30,2,1,10690.56,,10690.56,7559.76
30,24100,12004,FOMENTO DO EMPREGO. SUELDOS DEL GRUPO C2.,30,2,1,9411.48,,9411.48,6432.18
30,24100,12006,FOMENTO DO EMPREGO. TRIENIOS.,30,2,1,1847.43,23.93,1871.36,2424.82
30,24100,12009,FOMENTO DO EMPREGO. BASICAS. PAGA EXTRA 2012,30,2,1,3242.86,,3242.86,
30,24100,12100,FOMENTO DO EMPREGO. COMPLEMENTO DE DESTINO.,30,2,1,13139.99,534.44,13674.43,9305.78
30,24100,12101,FOMENTO DE EMPREGO.COMPLEMENTO ESPECÍFICO.,30,2,1,33059.05,,33059.05,25938.81
30,24100,13000,FOMENTO DO EMPREGO. RETRIBUCIONS BÁSICAS.,30,2,1,34237.6,,34237.6,24284.93
30,24100,13002,FOMENTO DO EMPREGO. RETRIBUCIONS COMPLEMENTARIAS.,30,2,1,36268.2,,36268.2,25595.68
30,24100,13009,FOMENTO EMPREGO.BASICAS.PAGA EXTRA 2012,30,2,1,2061.46,,2061.46,
30,24100,13100,FOMENTO DO EMPREGO. RETRIBUCIÓNS PERSOAL LABORAL TEMPORAL,30,2,1,40720.53,32793.42,73513.95,28159.21
30,24100,13101,FOMENTO EMPREGO.RETRIBUCIÓNS PERSOAL LABORAL TEMPORAL,30,2,1,227246.98,314.11,227561.09,43779.01
30,24100,13102,FOMENTO EMPREGO.OUTRAS REMUNERACIÓNS. LABORAIS TEMPORAIS,30,2,1,30280.06,,30280.06,22432.33
30,24100,13103,FOMENTO EMPREGO.OUTRAS REMUN.LABORAIS TEMPORAIS,30,2,1,362535.53,8376.39,370911.92,85717.93
30,24100,16000,FOMENTO DO EMPREGO.SEGURIDAD SOCIAL.,30,2,1,157569.68,21232.35,178802.03,73281.67
30,31100,12003,SANIDADE. SUELDOS DEL GRUPO C1.,30,3,1,11356.68,,11356.68,7653.45
30,31100,12004,SANIDADE. SUELDOS DEL GRUPO C2.,30,3,1,28424.76,,28424.76,18184.61
30,31100,12006,SANIDADE. TRIENIOS.,30,3,1,8841.48,,8841.48,7238.85
30,31100,12009,SANIDADE. BASICAS. PAGA EXTRA 2012,30,3,1,3856.09,,3856.09,
30,31100,12100,SANIDADE.COMPLEMENTO DE DESTINO.,30,3,1,18052.68,,18052.68,12890.21
30,31100,12101,SANIDADE.COMPLEMENTO ESPECÍFICO.,30,3,1,47310.36,,47310.36,36075.54
30,31100,16000,SANIDADE.SEGURIDAD SOCIAL.,30,3,1,27798.96,,27798.96,26012.98
30,32000,12000,ADMINISTRACION XERAL DA EDUCACIÓN. SUELDOS DEL GRUPO A1.,30,3,1,16533.12,,16533.12,11403.98
30,32000,12006,ADMINISTRACION XERAL DA EDUCACION. TRIENIOS.,30,3,1,5169.24,,5169.24,4151.86
30,32000,12009,ADMON. XERAL DA EDUCACION. BASICAS. PAGA EXTRA 2012,30,3,1,1153.7,,1153.7,
30,32000,12100,ADMINISTRACION XERAL DA EDUCACION.COMPLEMENTO DE DESTINO.,30,3,1,7065,,7065,5298.75
30,32000,12101,ADMINISTRACION XERAL DA EDUCACIÓN.COMPLEMENTO ESPECÍFICO.,30,3,1,22291.32,,22291.32,17024.47
30,32000,13000,ADMINISTRACIÓN XERAL DA EDUCACIÓN. RETRIBUCIONS BÁSICAS.,30,3,1,22966.94,,22966.94,16969.85
30,32000,13002, ADMINISTR. XERAL. EDUCACIÓN RETRIBUCIÓNS COMPLEMENTARIAS,30,3,1,21494.28,,21494.28,16120.71
30,32000,13009,ADMON XRAL DA EDUCACION.BASICAS.PAGA EXTRA 2012,30,3,1,1091.7,,1091.7,
30,32000,16000,ADMINISTRACION XERAL DA EDUCACION.SEGURIDAD SOCIAL.,30,3,1,24518.52,,24518.52,18368.18
30,33400,12000,PROMOCION CULTURAL. SUELDOS DEL GRUPO A1.,30,3,1,16066.56,,16066.56,11327.7
30,33400,12006,PROMOCION CULTURAL. TRIENIOS.,30,3,1,2067.72,,2067.72,1660.74
30,33400,12009,PROMOCION CULTURAL. BASICAS. PAGA EXTRA 2012,30,3,1,1039.78,,1039.78,
30,33400,12100,PROMOCION CULTURAL. COMPLEMENTO DE DESTINO.,30,3,1,6179.28,,6179.28,4634.46
30,33400,12101,PROMOCION CULTURAL COMPLEMENTO ESPECÍFICO.,30,3,1,17867.52,,17867.52,13758.54
30,33400,16000,PROMOCION CULTURAL.SEGURIDAD SOCIAL.,30,3,1,10696.8,,10696.8,8027.17
30,33401,12001,BANDA DE MUSICA.SUELDOS DEL GRUPO A2.,30,3,1,312536.4,,312536.4,209640.7
30,33401,12003,BANDA DE MUSICA. SOLDOS DEL GRUPO C1.,30,3,1,55182.36,,55182.36,32012.02
30,33401,12006,BANDA DE MUSICA. TRIENIOS.,30,3,1,59633.76,,59633.76,47161.88
30,33401,12009,BANDA DE MUSICA. BASICAS. PAGA EXTRA 2012,30,3,1,33697.67,,33697.67,
30,33401,12100,BANDA DE MUSICA. COMPLEMENTO DE DESTINO.,30,3,1,140078.16,,140078.16,97999.11
30,33401,12101,BANDA DE MÚSICA. COMPLEMENTO ESPECÍFICO.,30,3,1,320765.16,,320765.16,247001.01
30,33401,12500,BANDA DE MUSICA.O. RETRIBUCIONS.. PROMOCIÓN INTERNA,30,3,1,31487.4,,31487.4,
30,33401,13000,BANDA DE MÚSICA. RETRIBUCIONS BÁSICAS.,30,3,1,85861.74,,85861.74,61346.68
30,33401,13002,BANDA DE MÚSICA.RETRIBUCIONS COMPLEMENTARIAS,30,3,1,83415.24,,83415.24,60826.19
30,33401,13009,BANDA MUSICA.BASICAS.PAGA EXTRA 2012,30,3,1,3897.01,,3897.01,
30,33401,13100,BANDA DE MÚSICA. RETRIBUCIÓNS PERSOAL LABORAL TEMPORAL.,30,3,1,20707.52,,20707.52,8628.19
30,33401,13102,BANDA DE MUSICA.OUTRAS REMUNERACIÓNS. LABORAIS TEMPORAIS,30,3,1,35300.64,,35300.64,14708.6
30,33401,13500,BANDA DE MUSICA. O. RETRIBUCIONS. PROMOCION INTERNA,30,3,1,16767,,16767,
30,33401,16000,BANDA DE MUSICA.SEGURIDAD SOCIAL.,30,3,1,302204.76,,302204.76,248277.56
30,33401,16400,COMPLEMENTO FAMILIAR DE PERSOAL FUNCIONARIO,30,3,1,3030,,3030,2250
30,33402,13000,NORMALIZACIÓN LINGÜÏSTICA. RETRIBUCIONS BÁSICAS.,30,3,1,23176.56,,23176.56,17011.48
30,33402,13002,NORMALIZACIÓN LINGUISTICAS. RETRIBUCIONS COMPLEMENTARIAS,30,3,1,26171.88,,26171.88,19628.82
30,33402,13009,NORMALIZACION LINGUISTICA.BASICAS.PAGA EXTRA 2012,30,3,1,1114.76,,1114.76,
30,33402,16000,NORMALIZACION LINGUISTICA. SEGURIDAD SOCIAL.,30,3,1,13504.8,,13504.8,10117.22
30,33403,13000,CENTROS SOCIOCULTURAIS. RETRIBUCIONS BÁSICAS.,30,3,1,255137.84,,255137.84,180423.2
30,33403,13002,CENTROS SOCIOCULTURAIS.RETRIBUCIONS COMPLEMENTARIAS,30,3,1,281357.28,,281357.28,198978.99
30,33403,13009,CENTROS SOCIOCULTURAIS.BASICAS.PAGA EXTRA 2012,30,3,1,14921.51,,14921.51,
30,33403,13100,CENTROS SOCIOCULTURAIS.RETRIBUCIÓNS PERSOAL LABORAL TEMPORAL,30,3,1,49336.1,,49336.1,37271.78
30,33403,13102,CENTROS SOCIOCULTURAIS. O. REMUNERACIÓNS. LABORAIS TEMPORAIS,30,3,1,62760,,62760,47070.27
30,33403,13109,CENTRO SOCIOCULTURAIS.BASICAS. PAGA EXTRA 2012,30,3,1,4185.68,,4185.68,
30,33403,13500,CENTROS SOCIOCULTURAIS. O. RETRIBUCIONS. PROMOCION INTERNA,30,3,1,18677.76,,18677.76,
30,33403,16000,CENTROS SOCIOCULTURAIS. SEGURIDAD SOCIAL.,30,3,1,199521.36,,199521.36,149455.83
30,33404,12003,P. CULTURAL. ASOC. VECIÑAIS .SUELDOS DEL GRUPO C1.,30,3,1,22398.72,,22398.72,15260.03
30,33404,12006,P. CULTURAL. ASOCIACIONS VECIÑAS. TRIENIOS.,30,3,1,4924.32,,4924.32,4079.27
30,33404,12009,P. CULTURAL. AAVV. BASICAS. PAGA EXTRA 2012,30,3,1,1997.63,,1997.63,
30,33404,12100,P.CULTURAL AA VV. COMPLEMENTO DE DESTINO.,30,3,1,10114.08,,10114.08,7585.56
30,33404,12101,P.CULTURAL.AA.VV. COMPLEMENTO ESPECÍFICO,30,3,1,24917.04,,24917.04,19713.11
30,33404,16000,PROMOCION CULTURAL ASOC. VECIÑAIS. .SEGURIDAD SOCIAL.,30,3,1,16116.84,,16116.84,12577.25
30,33600,12000,CASCO HISTORICO.SUELDOS DEL GRUPO A1.,30,3,1,94920.5,,94920.5,64650.42
30,33600,12001,CASCO HISTORICO. SUELDOS DEL GRUPO A2.,30,3,1,14026.32,,14026.32,4368.89
30,33600,12003,CASCO HISTORICO. SUELDOS DEL GRUPO C1.,30,3,1,11087.88,,11087.88,7606.58
30,33600,12004,CASCO HISTORICO. SUELDOS DEL GRUPO C2.,30,3,1,7722.6,,7722.6,7476.95
30,33600,12006,CASCO HISTORICO. TRIENIOS.,30,3,1,16539.54,,16539.54,14153.87
30,33600,12009,CASCO HISTORICO. BASICAS. PAGA EXTRA 2012,30,3,1,12246.06,,12246.06,
30,33600,12100,CASCO HISTORICO. COMPLEMENTO DE DESTINO.,30,3,1,56033.62,,56033.62,38849.78
30,33600,12101,CASCO HISTÓRICO. COMPLEMENTO ESPECÍFICO.,30,3,1,162904.05,,162904.05,121545.67
30,33600,13000,CASCO HISTÓRICO. RETRIBUCIONS BÁSICAS.,30,3,1,35698.78,,35698.78,26575.16
30,33600,13002,CASCO HISTORICO. RETRIBUCIONS COMPLEMENTARIAS,30,3,1,39140.64,,39140.64,29355.48
30,33600,13009,CASCO HISTORICO.BASICAS. PAGA EXTRA 2012,30,3,1,2024.41,,2024.41,
30,33600,16000,CASCO HISTORICO.SEGURIDAD SOCIAL.,30,3,1,109903.16,,109903.16,86723.71
30,33800,12003,FESTEXOS. SUELDOS DEL GRUPO C1.,30,3,1,11285.16,,11285.16,7653.45
30,33800,12004,FESTEXOS. SUELDOS DEL GRUPO C2.,30,3,1,9491.64,,9491.64,6432.18
30,33800,12006,FESTEXOS. TRIENIOS.,30,3,1,4822.44,,4822.44,3997.55
30,33800,12009,FESTEXOS. BASICAS. PAGA EXTRA 2012,30,3,1,1972.6,,1972.6,
30,33800,12100,FESTEXOS. COMPLEMENTO DE DESTINO.,30,3,1,9570.36,,9570.36,7177.77
30,33800,12101,FESTEXOS. COMPLEMENTO ESPECÍFICO.,30,3,1,23626.08,,23626.08,18768.61
30,33800,16000,FESTEXOS.SEGURIDAD SOCIAL.,30,3,1,14067.96,,14067.96,11565.82
30,34000,12003,PROMOCION E FOMENTO DO DEPORTE. SUELDOS DEL GRUPO C1.,30,3,1,11036.4,,11036.4,7606.58
30,34000,12006,PROMOCION E FOMENTO DO DEPORTE. TRIENIOS.,30,3,1,1709.4,,1709.4,1414.24
30,34000,12009,PROMOCION E FOMENTO DO DEPORTE BASICAS EXTRA 2012,30,3,1,283.36,,283.36,
30,34000,12100,PROMOCION E FOMENTO DO DEPORTE. COMPLEMENTO DE DESTINO.,30,3,1,4784.88,,4784.88,3588.66
30,34000,12101,PROMOCIÓN E FOMENTO DO DEPORTE.COMPLEMENTO ESPECÍFICO.,30,3,1,11791.2,,11791.2,8667.16
30,34000,13000,PROMOCIÓN E FOMENTO DO DEPORTE. RETRIBUCIONS BÁSICAS.,30,3,1,140799.54,,140799.54,94955.97
30,34000,13002,PROMOCION E FOMENTO DEPORTE. RETRIBUCIONS COMPLEMENTARIAS,30,3,1,153411.12,,153411.12,102146.3
30,34000,13009,PROMOCION E FOMENTO DEPORTE.BASICAS. PAGA EXTRA 2012,30,3,1,9922.04,,9922.04,
30,34000,13100,RETRIBUCIÓNS PERSOAL LABORAL TEMPORAL,30,3,1,,,,5507.5
30,34000,13102,OUTRAS REMUNERACIÓNS. LABORAIS TEMPORAIS,30,3,1,,,,6620.96
30,34000,16000,PRMOCION E FOMENTO DO DEPORTE. SEGURIDAD SOCIAL.,30,3,1,99912.24,,99912.24,75370.04
30,43120,13000,MERCADOS. RETRIBUCIONS BÁSICAS.,30,4,1,12438.64,,12438.64,6626.35
30,43120,13002,MERCADOS. RETRIBUCIONS COMPLEMENTARIAS,30,4,1,13241.4,,13241.4,5497.17
30,43120,13009,MERCADOS.BASICAS.PAGA EXTRA 2012,30,4,1,1044.09,,1044.09,
30,43120,16000,MERCADO. SEGURIDAD SOCIAL.,30,4,1,7935.12,,7935.12,5958.32
30,43300,12000,DESENVOLVEMENTO EMPRESARIAL.SUELDOS DEL GRUPO A1.,30,4,1,32026.8,,32026.8,22590.06
30,43300,12006,DESENVOLVEMENTO EMPRESARIAL. TRIENIOS.,30,4,1,3101.52,,3101.52,2483.58
30,43300,12009,DESENVOLVEMENTO EMPRESARIAL.BASICAS. PAGA EXTRA 2012,30,4,1,2042.2,,2042.2,
30,43300,12100,DESENVOLVEMENTO EMPRESARIAL.COMPLEMENTO DE DESTINO,30,4,1,12358.56,,12358.56,9238.88
30,43300,12101,DESENVOLVEMENTO EMPRESARIAL. COMPLEMENTO ESPECÍFICO.,30,4,1,35735.04,,35735.04,27407.03
30,43300,13000,DESENVOLVEMENTO EMPRESARIAL. RETRIBUCIÓNS BÁSICAS,30,4,1,30965.94,,30965.94,23242.7
30,43300,13002,DESENVOLVEMENTO EMPRESARIAL. RETRIBUCIONS COMPLEMENTARIAS,30,4,1,33159.84,,33159.84,45715.1
30,43300,13009,DESENVOLVEMENTO EMPRESARIAL.BASICAS. PAGA EXTRA 2012,30,4,1,2017.03,,2017.03,
30,43300,13100,RETRIBUCIÓNS PERSOAL LABORAL TEMPORAL,30,4,1,,,,951.51
30,43300,13109,DESENVOLVEMENTO EMPRESARIAL. BASICAS.EXTRA 2012,30,4,1,951.51,,951.51,
30,43300,16000,DESENVOLVEMENTO EMPRESARIAL. SEGURIDAD SOCIAL.,30,4,1,43613.76,,43613.76,54197.18
30,49300,12003,OMIC. SUELDOS DEL GRUPO C1.,30,4,1,11426.76,,11426.76,7726.65
30,49300,12006,OMIC. TRIENIOS.,30,4,1,2869.92,,2869.92,2366.51
30,49300,12009,OMIC.BASICAS.PAGA EXTRA 2012,30,4,1,1054.04,,1054.04,
30,49300,12100,OMIC.COMPLEMENTO DE DESTINO.,30,4,1,6179.28,,6179.28,4634.46
30,49300,12101,OMIC. COMPLEMENTO ESPECÍFICO.,30,4,1,17538.6,,17538.6,13536.54
30,49300,13000,OMIC. RETRIBUCIONS BÁSICAS.,30,4,1,12944.08,,12944.08,9723.36
30,49300,13002,OMIC. RETRIBUCIONS COMPLEMENTARIAS,30,4,1,13241.4,,13241.4,9931.05
30,49300,13009,OMIC.BASICAS.EXTRA 2012,30,4,1,947.26,,947.26,
30,49300,16000,OMIC. SEGURIDADE SOCIAL.,30,4,1,17187.12,,17187.12,13379.93
30,91200,10000,ORGANOS DE GOBERNO. RETRIBUCIONES BÁSICAS.,30,9,1,347910.08,,347910.08,238058.52
30,91200,10001,ORGANOS DE GOBERNO.RETRIBUCIÓNS COMPLEMENTARIAS,30,9,1,429245.76,,429245.76,292426.29
30,91200,10009,ORG GOBERNO. OUTRAS RETRIBUBIÓNS BÁSICAS. PAGA EXTRA DE 2012,30,9,1,20770.26,,20770.26,
30,91200,11000,ORGANOS DE GOBERNO.RETRIBUCIONES BÁSICAS.,30,9,1,232146.24,,232146.24,183078.02
30,91200,11001,ORGANOS DE GOBERNO. RETRIBUCIONES COMPLEMENTARIAS.,30,9,1,277660.08,,277660.08,225667.52
30,91200,11009,ORG.GOBERNO. OUTRAS RETRIBUCIÓNS BÁSICAS. PAGA EXTRA DE 2012,30,9,1,11640.86,,11640.86,
30,91200,12000,SUELDOS DEL GRUPO A1.,30,9,1,,,,
30,91200,12003,ORGANOS DE GOBERNO. SUELDOS DEL GRUPO C1.,30,9,1,11198.76,,11198.76,7653.45
30,91200,12004,ORGANOS DE GOBERNO. SUELDOS DEL GRUPO C2.,30,9,1,37539.24,,37539.24,18341.23
30,91200,12006,ORGANOS DE GOBERNO. TRIENIOS.,30,9,1,6538.2,,6538.2,5559.74
30,91200,12009,ORGANOS DE GOBERNO .BASICAS.PAGA EXTRA 2012,30,9,1,3807.08,,3807.08,
30,91200,12100,ORGANOS DE GOBIERNO.COMPLEMENTO DE DESTINO.,30,9,1,23108.16,,23108.16,13324.22
30,91200,12101,ÓRGANOS DE GOBERNO. COMPLEMENTO ESPECÍFICO.,30,9,1,65207.28,,65207.28,40667.75
30,91200,16000,ORGANOS DE GOBERNO. SEGURIDAD SOCIAL.,30,9,1,375089.16,,375089.16,282544.71
30,92000,12000,ADMINISTRACION XERAL. SUELDOS DEL GRUPO A1.,30,9,1,181974.12,,181974.12,145491.45
30,92000,12001,ADMINISTRACIÓN XERAL.SUELDOS DEL GRUPO A2.,30,9,1,160932.46,,160932.46,95202.95
30,92000,12003,ADMINISTRACION XERAL. SUELDOS DEL GRUPO C1.,30,9,1,191424.69,,191424.69,124759.16
30,92000,12004,SUELDOS DEL GRUPO C2.,30,9,1,178661.4,,178661.4,160387.86
30,92000,12005,ADMINISTRACION XERAL. SOLDOS DEL GRUPO E.,30,9,1,51280.68,,51280.68,35211.56
30,92000,12006,ADMINISTRACION XERAL. TRIENIOS.,30,9,1,114303.24,,114303.24,98203.21
30,92000,12009,ADMON. XERAL. BASICAS. PAGA EXTRA 2012,30,9,1,61422.1,,61422.1,
30,92000,12100,ADMINISTRACION XERAL.COMPLEMENTO DE DESTINO.,30,9,1,337442.43,,337442.43,269215.64
30,92000,12101,ADMINISTRACIÓN XERAL. COMPLEMENTO ESPECÍFICO.,30,9,1,901218.74,,901218.74,747498.75
30,92000,12104,RETRIBUCIONES COMPLEMENTARIAS. ADECUACIÓN POSTOS DE TRABALLO,30,9,1,50000,,50000,
30,92000,12500,ADMON XERAL.O RETRIBUCIONS.. PROMOCIÓN INTERNA,30,9,1,99935.76,,99935.76,
30,92000,13000,ADMINISTRACIÓN XERAL. RETRIBUCIONS BÁSICAS.,30,9,1,208388.5,,208388.5,155166.44
30,92000,13001,HORAS EXTRAORDINARIAS,30,9,1,,,,1860
30,92000,13002,ADMINISTRACION XERAL.RETRIBUCIONS COMPLEMENTARIAS,30,9,1,206945.4,,206945.4,140883.05
30,92000,13009,ADMON XERAL. BASICAS. PAGA EXTRA 2012,30,9,1,18427.25,,18427.25,
30,92000,13100,ADMON XERAL. RETRIBUCIÓNS PERSOAL LABORAL TEMPORAL,30,9,1,138523.56,-106.49,138417.07,100773.73
30,92000,13101,RETRIBUCIÓNS PERSOAL LABORAL TEMPORAL. OUTROS,30,9,1,300000,113902.75,413902.75,
30,92000,13102,ADMON XERAL.OUTRAS REMUNERACIÓNS. LABORAIS TEMPORAIS,30,9,1,171350.04,,171350.04,126962.73
30,92000,13109,ADMON XERAL . BASICAS. PAGA EXTRA 2012,30,9,1,9809.45,,9809.45,
30,92000,13500,ADMINISTRACION XERAL. O. RETRIB. PROMOCION INTERNA,30,9,1,12020.64,,12020.64,
30,92000,15000,COMPLEMENTO PRODUCTIVIDADE FUNCIONARIOS,30,9,1,220000,,220000,98987.96
30,92000,15100,GRATIFICACIONS FUNCIONARIOS,30,9,1,78000,,78000,11366.31
30,92000,15300,COMPLEMENTO DEDICACION ESPECIAL,30,9,1,5000,,5000,
30,92000,16000,ADMINISTRACION XERAL. SEGURIDAD SOCIAL.,30,9,1,756789.35,,756789.35,619202.75
30,92000,16108,OUTRAS PRESTACIÓNS SOCIAIS,30,9,1,330000,,330000,219095.43
30,92000,16200,FORMACIÓN Y PERFECCIONAMIENTO DO PERSOAL.,30,9,1,80000,,80000,16198.45
30,92000,16202,TRANSPORTE DE PERSONAL.,30,9,1,11000,,11000,2137.04
30,92000,16204,ACCIÓN SOCIAL.,30,9,1,450000,,450000,
30,92000,16209,ADMINISTRACION XERAL. PLAN DE FUNCIÓN PÚBLICA,30,9,1,236280.03,,236280.03,
30,92000,16400,COMPLEMENTO FAMILIAR DE PERSOAL FUNCIONARIO,30,9,1,3030,,3030,3750
30,92000,22001,"ADMON. XERAL.PRENSA, REVISTAS E OUTRAS PUBLICACIÓNS.",30,9,2,13450,,13450,5060.75
30,92000,22403,ADMÓN XERAL. PRIMAS SEGUROS. SEG. ACCIDENTES EMPREGADOS PUBL,30,9,2,12592.47,,12592.47,8388.7
30,92000,22502,ADMINISTRACIÓN XERAL. TRIBUTOS DAS ENTIDADES LOCAIS,30,9,2,,,,
30,92000,22699,ADMINISTRACIÓN XRAL. OUTROS GASTOS DIVERSOS,30,9,2,,,,98.9
30,92000,22706,ADMINISTRACIÓN XERAL. ESTUDOS E TRABALLOS TÉCNICOS,30,9,2,80000,,80000,1476.94
30,92000,23300,ADMÓN. XERAL. OUTRAS INDEMNIZACIÓNS. TRIBUNAIS OPOSICIÓNS,30,9,2,6000,,6000,
30,92000,35200,ADMINISTRACIÓN XERAL.XUROS DE MORA,30,9,3,70000,,70000,51171.26
30,92000,83000,ADMINISTRACIÓN XERAL.ANTICIPOS DE PAGAS O PERSOAL,30,9,8,80000,,80000,60000
30,92001,12000,INFORMATICA E REFORMA ADMINISTRATIVA.SUELDOS DEL GRUPO A1.,30,9,1,16824.36,,16824.36,11664.35
30,92001,12001,INFORMATICA E REFORMA ADMINISTRATIVA.SUELDOS DEL GRUPO A2.,30,9,1,29109.48,,29109.48,15368.02
30,92001,12003,INFORMATICA REFORMA ADMINISTRATIVA. SUELDOS DEL GRUPO C1.,30,9,1,55924.56,,55924.56,36799.54
30,92001,12006,INFORMATICA E REFORMA ADMINISTRATIVA. TRIENIOS.,30,9,1,16574.4,,16574.4,12713.87
30,92001,12009,INFORMATICA REFORMA ADMINISTRATIVA.BASICAS. PAGA EXTRA 2012,30,9,1,8391.94,,8391.94,
30,92001,12100,INFORMATICA REFORMA ADMINISTRATIVACOMPLEMENTO DE DESTINO.,30,9,1,53112,,53112,35174.83
30,92001,12101,INFORMÁTICA E REFORMA ADMINISTRATIVA.COMPLEMENTO ESPECÍFICO.,30,9,1,146571.6,,146571.6,101245.95
30,92001,16000,INFORMATICA E REFORMA ADMINISTRATIVA. SEGURIDAD SOCIAL.,30,9,1,73397.88,,73397.88,52373.47
30,92002,12009,PRESIDENCIA. PAGA EXTRA 2012,30,9,1,1036.9,,1036.9,
30,92002,13100,PRESIDENCIA. RETRIBUCIÓNS PERSOAL LABORAL TEMPORAL,30,9,1,3360.42,,3360.42,5833.44
30,92002,13102,PRESIDENCIA RETRIBUCIONS COMPLEMENTARIAS. LABORAIS TEMPORAIS,30,9,1,6542.97,,6542.97,6542.94
30,92002,16000,PRESIDENCIA. SEGURIDAD SOCIAL.,30,9,1,3507.33,,3507.33,4664.74
30,92500,12000,ATENCION CIDADA.SUELDOS DEL GRUPO A1.,30,9,1,16426.8,,16426.8,11403.98
30,92500,12003,ATENCION CIDADA. SUELDOS DEL GRUPO C1.,30,9,1,11072.28,,11072.28,7606.58
30,92500,12004,ATENCION CIDADA. SUELDOS DEL GRUPO C2.,30,9,1,37993.92,,37993.92,25653.06
30,92500,12006,ATENCION CIDADA. TRIENIOS.,30,9,1,14035.08,,14035.08,11763.43
30,92500,12009,ATENCION CIDADA.BASICAS.PAGA EXTRA 2012,30,9,1,8947.55,,8947.55,
30,92500,12100,ATENCIÓN CIDADA. COMPLEMENTO DE DESTINO.,30,9,1,28814.52,,28814.52,21566.71
30,92500,12101,ATENCIÓN CIDADÁ.COMPLEMENTO ESPECÍFICO.,30,9,1,76083.48,,76083.48,62960.73
30,92500,16000,ATENCION CIDADA. SEGURIDADE SOCIAL.,30,9,1,43133.52,,43133.52,34662.27
30,92900,50000,FONDO DE CONTINEXIA E OUTROS IMPREVISTOS,30,9,5,100000,,100000,
30,93100,12000,POLITICA ECONOMIA E FISCAL.SUELDOS DEL GRUPO A1.,30,9,1,102264.96,,102264.96,57032.82
30,93100,12001,POLITICA ECONOMICA E FISCAL.SUELDOS DEL GRUPO A2.,30,9,1,114778.68,,114778.68,52014.36
30,93100,12003,POLITICA ECONOMICA E FISCAL. SUELDOS DEL GRUPO C1.,30,9,1,155220.96,,155220.96,69070.91
30,93100,12004,POLITICA ECONOMICA E FISCAL. SUELDOS DEL GRUPO C2.,30,9,1,65663.04,,65663.04,35367.33
30,93100,12006,POLITICA ECONOMICA E FISCAL. TRIENIOS.,30,9,1,70057.44,,70057.44,51365.78
30,93100,12009,POLITICA ECONOMICA E FISCAL.BASICAS.PAGA EXTRA 2012,30,9,1,37412.38,,37412.38,
30,93100,12100,POLITICA ECONOMICA E FISCAL.COMPLEMENTO DE DESTINO.,30,9,1,218800.2,,218800.2,119889.77
30,93100,12101,POLÍTICA ECONÓMICA E FISCAL. COMPLEMENTO ESPECÍFICO.,30,9,1,591828.24,,591828.24,348085.94
30,93100,12500,POLITICA ECONOMICA E FISCAL.O.RETRIBUCION. PROMOCIÓN INTERNA,30,9,1,7023.84,,7023.84,
30,93100,13000,POLÍTICA ECONÓMICA E FISCAL. RETRIBUCIONS BÁSICAS.,30,9,1,122399.44,,122399.44,86455.12
30,93100,13002,POLITICIA ECONOMICA E FISCAL. RETRIBUCIONS COMPLEMENTARIAS,30,9,1,129928.2,,129928.2,86037.7
30,93100,13009,POLITICA ECONOMICA E FISCAL. BASICAS. PAGA EXTRA 2012,30,9,1,10690.09,,10690.09,
30,93100,13100,P FISCAL E ECONOMICA. RETRIBUCIÓNS PERSOAL LABORAL TEMPORAL,30,9,1,16128.3,,16128.3,17508.32
30,93100,13102,POLITICA ECONOMICA FISCAL. RET.COMPL.LABORAL TEMPORAL.,30,9,1,19112.19,,19112.19,23069.21
30,93100,13109,POLITICA ECONOMICA E FISCAL. BASICAS.PAGA EXTRA 2012,30,9,1,1083.34,,1083.34,
30,93100,16000,POLITICA ECONOMICA E FISCAL. SEGURIDAD SOCIAL.,30,9,1,385478.46,,385478.46,280399.53
30,93100,16400,COMPLEMENTO FAMILIAR DE PERSOAL FUNCIONARIO,30,9,1,,,,2200
30,93100,20200,POLÍTICA ECONÓMICA E FISCAL. ARRENDAMENTOS EDIFICIOS,30,9,2,48784.94,,48784.94,33769.59
30,93100,20300,POLITICA ECONOM.E FISCAL ARRENDAMENTO MAQUIN.INSTALAC  UTILL,30,9,2,10676.35,,10676.35,6686.97
30,93100,21600,POLITICA ECONO.E FISCAL REPAR. MANTEN. EQUIPOS PROC. INFORM.,30,9,2,750,,750,75.61
30,93100,22000,ORDINARIO NO INVENTARIABLE.,30,9,2,,,,76.04
30,93100,22001,POLITICA ECONÓMICA E FISCAL. LIBROS E OUTRAS PUBLICACIÓNS,30,9,2,16000,,16000,10493
30,93100,22100,POLITICA ECONOMICA E FISCAL. ENERXÍA ELÉCTRICA.,30,9,2,3300,,3300,1590.39
30,93100,22101,POLITICA ECONOMICA E FISCAL. AUGA,30,9,2,420,,420,247.84
30,93100,22602,POLITICA ECONOMICA E FISCAL.PUBLICIDADE E PROPAGANDA.,30,9,2,6000,,6000,
30,93100,22603,`POLITICA ECONOMICA E FISCAL.PUBLICACIÓN DIARIOS OFICIAIS,30,9,2,5000,,5000,1892.24
30,93100,22606,"POLITICA ECONOMICA E FISCAL. REUNIONS,CONFERENCIAS E CURSOS.",30,9,2,1000,,1000,
30,93100,22701,POLITICA ECONOMICA E FISCAL. SEGURIDADE,30,9,2,1500,,1500,939.21
30,93100,22706,POLITICA ECONOMICA E FISCAL.ESTUDOS E TRABALLOS TÉCNICOS,30,9,2,180000,-5808,174192,32253.87
30,93100,22799,POLÍTICA ECONÓMICA E FISCAL.OUTROS TRAB REALIZ OUTRAS EMPRES,30,9,2,104200,,104200,2420
30,93100,23000,POLÍTICA ECONÓMICA E FISCAL. DIETAS CARGOS ELECTOS,30,9,2,1000,,1000,
30,93100,23100,POLÍTICA ECONÓMICA E FISCAL. LOCOMOCIÓN CARGOS ELECTOS,30,9,2,1500,,1500,
30,93100,62300,"POLITICA ECON.E FISCAL.MAQUINARIA, INSTALACIONS E UTILLAXE",30,9,6,2000,,2000,
30,93100,64100,POLITICA ECON E FISCAL.GASTOS EN APLICACIÓNS INFORMÁTICAS,30,9,6,9090,18437.5,27527.5,5808
30,93200,22000,XESTIÓN SISTEMA TRIBUTARIO. MATERIAL OFICINA ORD. NON INVENT,30,9,2,8500,,8500,2732.71
30,93200,22699,XESTIÓN SISTEMA TRIBUTARIO. OUTROS GASTOS DIVERSOS,30,9,2,4000,,4000,265.79
30,93200,22708,XESTION SISTEMA TRIBUTARIO. RECADACIÓN A FAVOR DA ENTIDADE,30,9,2,40000,,40000,
30,93200,22799,XEST.SISTEMA TRIBUTARIO.ESTUDOS/TRAB TÉCNICOS.INSPECCIÓN ING,30,9,2,320000,,320000,104343.15
30,93400,35901,XESTIÓN DÉBEDA E TESOURERIA.OUTROS GASTOS FINANCEIROS,30,9,3,20000,12410.16,32410.16,
40,33000,41000,ADMON XERAL CULTURA. TRANSFERENCIAS O AUDITORIO DE GALICIA,40,3,4,1085050.77,,1085050.77,813788.07
40,33000,63200,INV. REPOSICION EDIFICIOS E CONSTRUCC.,40,3,6,,31933.01,31933.01,
40,33300,48902,MUSEOS E ARTES PLÁSTICAS. SUBV. NOMIN. FUNDACIÓN GRANELL,40,3,4,130000,,130000,97500
40,33400,47900,PROMOCION CULTURAL. TRANSF. NOMINATIVAS A EMPRESAS PRIVADAS,40,3,4,24000,,24000,
40,33400,48900,PROMOCIÓN CULTURAL.TRANSF. NOMINATIVAS A FAMILIAS E ISFL,40,3,4,122265,,122265,5825
40,33401,21300,"BANDA DE MUSICA. REPARAC. MANTEM, MAQUIN.,INSTA E UTILLA.",40,3,2,1500,,1500,325
40,33401,21600,BANDA DE MUSICA. REPARA. MANTEN. EQUIPOS PROCESOS INFORM.,40,3,2,1500,,1500,652.81
40,33401,22000,BANDA DE MÚSICA.MATERIAL OFICINA ORDINARIO NON INVENTARIABLE,40,3,2,1000,,1000,2688.28
40,33401,22104,BANDA DE MUSICA. VESTIARIO.,40,3,2,3000,,3000,
40,33401,22111,BANDA DE MÚSICA. MATERIAL FUNXIBLE.,40,3,2,1500,,1500,
40,33401,22400,BANDA DE MÚSICA. PRIMAS DE SEGUROS,40,3,2,2000,,2000,
40,33401,22602,BANDA DE MÚSICA. PUBLICIDADE E PROPAGANDA,40,3,2,2500,,2500,1232.47
40,33401,22699,BANDA DE MUSICA. OUTROS GASTOS DIVERSOS,40,3,2,3000,,3000,14843.13
40,33401,22706,BANDA DE MÚSICA. ESTUDOS E TRABALLOS TÉCNICOS,40,3,2,3000,,3000,
40,33403,20200,CSC. ARRENDAMENTOS EDIFICIOS E OUTRAS CONSTR.,40,3,2,45404.8,,45404.8,28271.43
40,33403,20900,CSC. CÁNONES,40,3,2,600,,600,
40,33403,21200,"CSC, REPARACIÓNS. MANTEM. EDIFICIOS E O.CONSTRUC.",40,3,2,75000,,75000,51593.76
40,33403,21300,"CSC. REPARAC. MANTEM. MAQUIN.,INSTALAC E UTILLA.",40,3,2,1500,,1500,10952.79
40,33403,21600,CSC. REPARA. MANTEN. EQUIPOS PROCESOS INFORM.,40,3,2,3500,,3500,2263.42
40,33403,22001,"CSC. PRENSA, REVISTAS, LIBROS E OUTRAS PUBLICACIÓNS.",40,3,2,5000,,5000,5387.62
40,33403,22002,CSC. MATERIAL INFORMÁTICO NON INVENTARIABLE.,40,3,2,1200,,1200,
40,33403,22100,CENTROS SOCIOCULTURAIS. ENERXIA ELECTRICA,40,3,2,1800,,1800,670.4
40,33403,22101,CENTROS SOCIO CULTURAIS. AUGA,40,3,2,400,,400,745.92
40,33403,22102,CSC. GAS.,40,3,2,8000,,8000,5138.53
40,33403,22103,CSC. COMBUSTIBLES E CARBURANTES.,40,3,2,13500,,13500,8363.35
40,33403,22110,CSC. PRODUCTOS DE LIMPEZA E ASEO.,40,3,2,150,,150,
40,33403,22112,"CSC SUBMIN. DE MATERIAL ELECTRÓNICO, ELÉCTRICO Y DE TELECO.",40,3,2,100,,100,
40,33403,22300,CSC. TRANSPORTES.,40,3,2,4000,,4000,845
40,33403,22400,CSC. PRIMAS DE SEGUROS,40,3,2,350,,350,
40,33403,22501,TRIBUTOS DE LAS COMUNIDADES AUTÓNOMAS.,40,3,2,,,,1340.41
40,33403,22699,CSC. OUTROS GASTOS DIVERSOS. ACTIVIDADES,40,3,2,215000,,215000,150839.57
40,33403,22701,CSC. SEGURIDADE,40,3,2,19390.25,,19390.25,12926.8
40,33403,22706,ESTUDIOS Y TRABAJOS TÉCNICOS.,40,3,2,,,,
40,33403,22795,OPAS 2015 (040 33403 22795),40,3,2,,79612.07,79612.07,
40,33403,22799,CSC. OUTROS TRABALLOS REALIZADOS POR OUTRAS EMPRESAS,40,3,2,932000,127000,1059000,444286.72
40,33403,62300,"MAQUINARIA, INSTALACIONS E UTILLAXE",40,3,6,,940.65,940.65,940.17
40,33403,62900,"CSC, OUTROS INV NOVOS ASOC AO FUNCIONAM OPERATIVO DOS SERV",40,3,6,,4740.25,4740.25,
40,33403,63200,INV. REPOSICION EDIFICIOS E CONSTRUCC.,40,3,6,,1292.47,1292.47,
40,33600,20300,ARRENDAMENTO MAQUIN. INSTALAC. E UTILL.,40,3,2,,,,
40,33600,21500,REPARAC. MANTEM. E CONSERV. MOBILIARIO,40,3,2,,,,
40,33600,22603,PROT. PATR. HISTÓRICO. PUBLICACIÓN EN DIARIOS OFICIAIS,40,3,2,,,,
40,33800,20300,FESTEXOS. ARRENDAMENTO MAQUIN. INSTALAC. E UTILLAXE,40,3,2,93000,,93000,126226.01
40,33800,22400,FESTEXOS. PRIMAS DE SEGUROS,40,3,2,10000,,10000,
40,33800,22602,FESTEXOS. PUBLICIDADE E PROPAGANDA,40,3,2,3000,,3000,
40,33800,22603,FESTEXOS. PUBLICACIÓN EN DIARIOS OFICIAIS,40,3,2,,,,
40,33800,22695,OPAS 2015 (040 33800 22699),40,3,2,,19481,19481,
40,33800,22699,FESTEXOS. OUTROS GASTOS DIVERSOS. ACTIVIDADES,40,3,2,867000,-34700,832300,610783.12
40,33800,22706,FESTEXOS. ESTUDOS E TRABALLOS TÉCNICOS,40,3,2,27550,,27550,623.15
40,33800,48901,FESTEXOS.TRANSFERENCIAS NON NOMINATIVAS,40,3,4,17450,34700,52150,17450
40,93303,63200,XESTIÓN PATRIMONIO CULTURAL. INV. REP. EDIFICIOS E CONST.,40,9,6,,172000,172000,
50,15000,21600,ADMON.XERAL VIVENDA E URBANIS. MANTEN EQUIPOS PROC INFO.,50,1,2,20000,,20000,7785.43
50,15000,22602,ADMON. XRAL VIVENDA E URBANISMO. PUBLICIDADE E PROPAGANDA.,50,1,2,,,,
50,15000,22604,ADMÓN. XERAL .VIVENDA E URBANISMO. GASTOS XURÍDICOS,50,1,2,23000,,23000,
50,15000,22695,PPA 2015 (050 15000 22604),50,1,2,,1500,1500,
50,15000,22699,ADMÓN. XERAL.VIVENDA E URBANISMO. OUTROS GASTOS DIVERSOS,50,1,2,5000,,5000,3121.4
50,15100,21211,URBANISMO. REPARAC. MANTEN. E CONSERV EDIFICIOS E O. CONSTR.,50,1,2,7445,,7445,201.2
50,15100,22400,PRIMAS DE SEGUROS,50,1,2,,,,
50,15100,22411,URBANISMO. PRIMAS DE SEGUROS.,50,1,2,400,,400,
50,15100,22500,TRIBUTOS ESTATALES.,50,1,2,,,,
50,15100,22699,URBANISMO. OUTROS GASTOS DIVERSOS,50,1,2,2035.85,3335.32,5371.17,
50,15100,22706,URBANISMO. ESTUDOS E TRABALLOS TÉCNICOS,50,1,2,145000,-12640.87,132359.13,34711.39
50,15100,22708,URBANISMO. SERVIZOS DE RECADACIÓN A FAVOR DA ENTIDADE,50,1,2,40368.15,,40368.15,
50,15100,60900,URBANISMO. OBRAS DE INVESTIMENTOS,50,1,6,,3563349.34,3563349.34,22255.09
50,15100,60901,URBANISMO.EQUIPAMENTOS URBANOS,50,1,6,14400,122557.91,136957.91,
50,15100,60902,URBANISMO.INVEST.NOVOS INFRAEST. E BENS USO XERAL,50,1,6,1775,828537.77,830312.77,1774.54
50,15100,61900,OUTRAS INVERSIONS,50,1,6,,1566440.61,1566440.61,455171.43
50,15100,62200,URBANISMO.INVEST.NOVOS EDIFICIOS E CONSTRUCCIÓNS,50,1,6,28354.99,1262100,1290454.99,
50,15100,64001,URBANISMO.OUTRAS INVERSIONS EN PROXECTOS,50,1,6,43000,272598.56,315598.56,58485
50,15100,75000,TRANSFERENCIAS A COMUNIDADE AUTONOMA,50,1,7,,38015.1,38015.1,
50,15101,68100,PLANEAMENTO E XESTIÓN URB.GASTOS INVERSIONS BENS PATRIMONIAI,50,1,6,18050.84,468179.71,486230.55,
50,15102,22699,XESTIÓN DE LICENZAS E DISCIPLINA. OUTROS GASTOS DIVERSOS,50,1,2,560074.84,,560074.84,
50,15102,22706,XESTIÓN DE LICENZAS E DISCIPLINA. ESTUDOS E TRAB. TÉCNICOS,50,1,2,7000,,7000,
50,15103,22602,EXPROPIACIÓNS. PUBLICIDADE E PROPAGANDA,50,1,2,,,,
50,15103,22699,EXPROPIACIÓNS. OUTROS GASTOS DIVERSOS,50,1,2,14100,,14100,3201.13
50,15103,35200,EXPROPIACIÓNS.XUROS DE MORA,50,1,3,150075,,150075,3217.95
50,15103,60000,EXPROPIACION TERREOS,50,1,6,705661.27,275607.38,981268.65,
50,15220,78000,VIVENDA.TRANSF. DE CAPITAL A FAMILIAS E I.S.F.L.,50,1,7,638955.23,10560,649515.23,10560
50,15320,21000,VÍAS PÚBLICAS. REPARAC. MANTEM. E CONSERVAC. INFRAESTR.,50,1,2,716148.38,,716148.38,301812.5
50,15320,21600,PAVIMENTACIÓN DE VÍAS PÚBLICAS. REPARAC EQ PROC INFORMAC,50,1,2,,,,49.69
50,15320,22104,VESTUARIO.,50,1,2,,,,
50,15320,22195,OPAS 2015 (050 15320 22199),50,1,2,,119.68,119.68,
50,15320,22199,OTROS SUMINISTROS.,50,1,2,,,,
50,15320,22699,PAVIMENTACIÓN DE VÍAS PÚBLICAS. OUTROS GASTOS DIVERSOS,50,1,2,8000,,8000,
50,15320,60900,PAVIMENTACION VIAS PUB.OBRAS INVESTIMENTOS NOVOS INFRAESTR,50,1,6,9280.7,32268.96,41549.66,9280.7
50,15320,61900,PAVIMENTACION VIAS PÚB.OUTROS INVESTIMENTOS,50,1,6,199405.51,1401477.95,1600883.46,98453.02
50,15320,61995,OPAS 2015 (050 15320 61900),50,1,6,,7865,7865,
50,15321,60900,ACTUACIÓNS INTEGRAIS VIAS PUB.INVESTIMENTOS NOVOS INFRAEST,50,1,6,1689473.49,108531.36,1798004.85,299988.02
50,15321,60995,OPAS 2015 (050 15321 60900),50,1,6,,2294.16,2294.16,
50,15321,61900,ACTUACIÓNS INTEGRAIS VIAS PÚB.OUTROS INVEST.REPOSICIÓN INFRA,50,1,6,450000,373918.31,823918.31,367478.81
50,15340,60900,INFRAESTRUCTURAS URBANAS INVESTIMENTOS NOVOS BENS USO XERAL,50,1,6,110000,,110000,
50,16400,22699,OTROS GASTOS DIVERSOS,50,1,2,,,,
50,16500,22706,ESTUDIOS Y TRABAJOS TÉCNICOS.,50,1,2,,,,
50,17100,22602,PARQUES E XARDINS. PUBLICIDADE E PROPAGANDA.,50,1,2,,,,
50,17100,22700,PARQUES E XARDINS. LIMPEZA E ASEO.,50,1,2,,,,
50,17100,60900,0501721060900,50,1,6,17550,19605.94,37155.94,24786.63
50,17100,62500,MOBILIARIO,50,1,6,,29576.93,29576.93,
50,17210,60900,PROTECCION CONTAMINACIÓN ZONAS URBANAS INVEST NOVOS,50,1,6,185000,5213.87,190213.87,
50,23100,62200,EDIFICIOS E OUTRAS CONSTRUCCIONS,50,2,6,,16303.6,16303.6,
50,33403,62200,CSC.EDIFICIOS E OUTRAS CONSTRUCCIONS,50,3,6,7129.62,50685.5,57815.12,47729.5
50,33404,62200,P.CULTURAL.ASOC.VECIÑAIS.EDIFICIOS E OUTRAS CONSTRUCCIONS,50,3,6,39300.01,,39300.01,
50,33600,21000,PROTEC. PATRIMONIO. REPARAC. MANTEM. E CONSERVAC. INFRAESTR.,50,3,2,35000,,35000,32318.43
50,33600,21600,PROTEC. PATRIM. HISTÓRIC-ARTÍSTICO. REPAR.MANTE.EQUI.PRO.INF,50,3,2,5000,,5000,1386.72
50,33600,22501,TRIBUTOS DE LAS COMUNIDADES AUTÓNOMAS.,50,3,2,,,,48.93
50,33600,22699,PROTEC. PATRIMONIO HISTÓRICO-ARTÍSTICO.OUTROS GTOS. DIVERSOS,50,3,2,29780,,29780,
50,33600,22706,PROTEC.PATRIMONIO HISTÓRICO-ARTÍSTIC.ESTUDOS E TRAB.TÉCNICOS,50,3,2,30000,,30000,
50,33600,23020,PATRIMONIO HIST/ARTÍSTICO.DIETAS PERSOAL NON DIRECTIVO,50,3,2,1530,7048.72,8578.72,
50,33600,23120,PATRIMONIO HIST-ARTÍSTICO. LOCOMOCIÓN PERSOAL NON DIRECTIVO,50,3,2,1530,7774.63,9304.63,
50,33600,35900,PROT.PATRI. E CASCO HISTOR.OUTROS GASTOS FINANCEIROS,50,3,3,,45.96,45.96,
50,33600,60900,CASCO HISTORICO. OBRAS DE INVERSIONS,50,3,6,,130000,130000,
50,33600,61900,CASCO HISTORICO. OUTRAS INVERSIONS,50,3,6,,12135.93,12135.93,
50,33600,78000,PROTECC PATRIMONIO Hº TRANSF CAPITAL A FAMILIAS E I.S.F.L.,50,3,7,186044.77,209715.56,395760.33,27877.7
50,33600,78001,PROTEC PATRIMONIO Hº ART.TRANS CAPITAL FAMILIAS E ISFL,50,3,7,300000,,300000,
50,44110,22699,TRANSPORTES. OUTROS GASTOS DIVERSOS,50,4,2,10000,,10000,4035.96
50,45000,61900,OUTRAS INVERSIONS,50,4,6,,688.17,688.17,
50,45400,22706,MEDIO RURAL. ESTUDIOS Y TRABAJOS TÉCNICOS.,50,4,2,,,,
50,45900,60900,OUTRAS INFRAESTRUCUTRAS.INVESTIMENTOS NOVOS,50,4,6,7200,367.57,7567.57,2842.85
50,93300,22500,XESTIÓN DO PATRIMONIO. TRIBUTOS ESTATAIS.,50,9,2,4000,,4000,88.97
50,93300,22699,XESTIÓN PATRIMONIO. OUTROS GASTOS DIVERSOS.,50,9,2,7000,,7000,2891.74
50,93300,63200,XESTIÓN PATRIMONIO. INV. REPOSICION EDIFICIOS E CONSTRUCC.,50,9,6,,114520,114520,
50,93302,63200,PATRIMONIO USO DEPORTIVO. INV. REPOS. EDIF. E CONST.,50,9,6,,,,
60,13200,20400,SEGURIDADE E ORDE PÚBLICO. ARRENDAMENTO MATERIAL TRANSPORTE,60,1,2,168298.9,,168298.9,9680
60,13200,21200,SEGURIDADE E ORDE PÚB REPAR. MANT. CONS.EDIFICIOS E O.CONST.,60,1,2,600.7,,600.7,
60,13200,21300,"SEGURIDADE E ORD.PUB.REPARAC.MANTEM, MAQUIN.,INSTA E UTILLA.",60,1,2,24356.3,,24356.3,14113.18
60,13200,21400,SEGURIDADE E ORDE PÚBLICO. MANTEM. ELEMENTOS DE TRANSPORTE,60,1,2,5000,,5000,2572.96
60,13200,21600,SEGURIDADE E O.PUBLICO. REPAR.MANTEN.EQUIPOS PROCESOS INFORM,60,1,2,3313.66,,3313.66,2554.97
60,13200,22000,SEGURIDADE E ORDE PÚBLICO. MATERIAL DE OFICINA NON INVENT,60,1,2,2500,,2500,1444.45
60,13200,22104,SEGURIDADE E ORDE PUBLICO. VESTIARIO.,60,1,2,70000,,70000,
60,13200,22106,SEGURIDADE E ORDE PÚBLICO. PRODUTOS FARM. E MATERIAL SANITA.,60,1,2,2800,,2800,
60,13200,22199,SEGURIDADE E ORDE PUBLICO. OUTROS SUBMINISTROS.,60,1,2,18000,,18000,6522.79
60,13200,22400,SEGURIDADE E ORDE PUBLICO.PRIMAS DE SEGUROS,60,1,2,5665,,5665,
60,13200,22500,SEGURIDADE E ORDE PÚBLICO.TRIBUTOS ESTATAIS,60,1,2,1200,,1200,
60,13200,22501,SEGURIDADE E ORDE PÚBLICO. TRIBUTOS DAS CC.AA.,60,1,2,4000,,4000,828.59
60,13200,22602,SEGURIDADE E ORDE PUBLICO. PUBLICIDADE E PROPAGANDA,60,1,2,28540,,28540,544.5
60,13200,22699,SEGURIDADE E ORDE PÚBLICO. OUTROS GASTOS DIVERSOS,60,1,2,1700,,1700,617.25
60,13300,21000,REPARAC. MANTEM. E CONSERVAC. INFRAESTR.,60,1,2,,,,
60,13300,21600,TRAFICO. REPARA. MANTEN. EQUIPOS PROCESOS INFORM.,60,1,2,1500,,1500,1120.38
60,13300,22000,TRÁFICO. MATERIAL DE OFICINA ORDINARIO NON INVENTARIABLE,60,1,2,1000,,1000,290.7
60,13300,22104,TRAFICO. VESTIARIO.,60,1,2,800,,800,
60,13300,22106,TRAFICO. PRODUTOS FARMACÉUTICOS E MATERIAL SANITARIO.,60,1,2,100,,100,
60,13300,22111,TRÁFICO. SUBMINISTROS REPOSTOS DE MAQUI. INST. E UTILLAXE.,60,1,2,2000,,2000,
60,13300,22199,OTROS SUMINISTROS.,60,1,2,,,,68.25
60,13300,22603,TRÁFICO. PUBLICACIÓN EN DIARIOS OFICIAIS,60,1,2,,,,398.36
60,13300,22701,TRÁFICO. TRAB. REALIZADOS POR OUTRAS EMPRESAS. SEGURIDADE,60,1,2,1017201.2,,1017201.2,315953.57
60,13300,22706,ESTUDIOS Y TRABAJOS TÉCNICOS.,60,1,2,,,,
60,13300,23000,TRÁFICO. DIETAS CARGOS ELECTOS,60,1,2,1000,,1000,
60,13300,23100,LOCOMOCIÓN.DOS MEMBROS ÓRGANOS DO GOBERNO,60,1,2,1500,,1500,
60,13300,62300,"TRÁFICO. MAQUINARIA, INSTALACIONS E UTILLAXE",60,1,6,,43361.04,43361.04,
60,13500,20400,PROTECCION CIVIL. ARRENDAMENTO MATERIAL DE TRANSPORTE,60,1,2,11858,,11858,
60,13500,21200,PROTECCION CIVIL.REPARAC. MANTEM. EDIFICIOS E O.CONSTRUC,60,1,2,1000,,1000,
60,13500,21300,"PROTECCIÓN CIVIL.REP. MANTEM, E CONSERV. MAQ. INST.E UTILLA.",60,1,2,500,,500,
60,13500,22102,PROTECCION CIVIL. GAS.,60,1,2,2500,,2500,2316.21
60,13500,22104,PROTECCIÓN CIVIL. VESTIARIO.,60,1,2,3100,,3100,
60,13500,22105,PROTECCION CIVIL. PRODUCTOS ALIMENTICIOS.,60,1,2,5000,,5000,2183.75
60,13500,22106,PROTECCIÓN CIVIL PRODUTOS FARMACÉUTICOS E MATERIAL SANITARIO,60,1,2,500,,500,
60,13500,22111,"SUBMIN. DE REPUESTOS DE MAQUINARIA, UTILLAXE E TRANSP",60,1,2,,,,
60,13500,22400,PROTECCIÓN CIVIL. PRIMAS DE SEGUROS,60,1,2,2300,,2300,
60,13500,22606,"PROTECCIÓN CIVIL.REUNIONS, CONFERENCIAS E CURSOS.",60,1,2,2400,,2400,975
60,13500,22701,PROTECCIÓN CIVIL. SEGURIDADE,60,1,2,500,,500,280.67
60,13600,20400,BOMBEIROS. ARRENDAMENTO MATERIAL DE TRANSPORTE,60,1,2,128853,13500,142353,47734.5
60,13600,21200,BOMBEIROS. REPARAC. MANTEM. EDIFICIOS E O.CONSTRUC,60,1,2,3000,,3000,
60,13600,21300,"BOMBEIROS. REPARAC. MANTEM, MAQUIN.,INSTA E UTILLA.",60,1,2,10000,23697.67,33697.67,4860.24
60,13600,21400,BOMBEIROS. REPARAC. MANTEM. MATERIAL TRANSPORTE,60,1,2,45000,,45000,13960.16
60,13600,22000,BOMBEIROS. ORDINARIO NON INVENTARIABLE,60,1,2,100,,100,
60,13600,22001,"BOMBEIROS. PRENSA, REVISTAS, LIBROS E OUTRAS PUBLICACIONS",60,1,2,100,,100,
60,13600,22002,BOMBEIROS. MATERIAL INFORMÁTICO NON INVENTARIABLE.,60,1,2,100,,100,
60,13600,22102,GAS.,60,1,2,,,,1522.92
60,13600,22104,BOMBEIROS. VESTIARIO.,60,1,2,10000,8990.58,18990.58,
60,13600,22110,BOMBEIROS. PRODUTOS DE LIMPEZA E ASEO.,60,1,2,500,,500,6485.48
60,13600,22199,BOMBEIROS. OUTROS SUBMINISTROS,60,1,2,500,,500,
60,13600,22606,"BOMBEIROS. REUNIONES, CONFERENCIAS E CURSOS",60,1,2,3000,,3000,
60,13600,22699,BOMBEIROS. OUTROS GASTOS DIVERSOS,60,1,2,2000,,2000,9033.98
60,13600,22706,SERV. EXTINC INCENDIOS.ESTUDIOS Y TRABAJOS TÉCNICOS.,60,1,2,,,,
60,13600,62200,EDIFICIOS E OUTRAS CONSTRUCCIONS,60,1,6,,324634.12,324634.12,
60,13600,62300,"BOMBEIROS.MAQUINARIA, INSTALACIONS E UTILLAXE",60,1,6,38082.95,133679.13,171762.08,
60,13600,62500,BOMBEIROS.MOBILIARIO,60,1,6,20000,55536,75536,
60,13600,62600,BOMBEIROS.EQUIPOS PARA PROCESOS DE INFORMACION,60,1,6,1000,,1000,
60,13600,63200,BOMBEIROS.INV. REPOSICION EDIFICIOS E CONSTRUCC.,60,1,6,30000,624.28,30624.28,
60,13600,63300,"BOMBEIROS.MAQUINARIA, INSTALACIONES TÉCNICAS Y UTILLAJE.",60,1,6,26000,,26000,
60,13600,64100,BOMBEIROS.GASTOS EN APLICACIÓNS INFORMÁTICAS,60,1,6,20000,,20000,
60,16100,22501,SANEAMENTO E ABAST. UTRIBUTOS DE LAS COMUNIDADES AUTÓNOMAS.,60,1,2,,,,2537.42
60,16100,61900,SANEAMENTO E ABASTECEMENTO AUGA. OUTRAS INVERSIONS,60,1,6,,195371.22,195371.22,
60,16100,62700,PROXECTOS INVESTIMENTO,60,1,6,,63988.8,63988.8,
60,16100,72300,"A SOCI MERC ESTAT, ENTID PÚBL EMPR Y OTROS ORGAN PÚBLICOS",60,1,7,,83515.76,83515.76,
60,16100,75000,SANEAMENTO ABAST.AUGA. TRANSFERENCIAS A COMUNIDADE AUTONOMA,60,1,7,,19887.67,19887.67,
60,16210,22700,RECOLLIDA DE RESIDUOS. TRABALLOS REALIZADOS OUTRAS EMPRESAS,60,1,2,3603929.38,,3603929.38,2667757.04
60,16210,22708,RECOLLIDA DE RESIDUOS. RECADACIÓN A FAVOR DA ENTIDADE,60,1,2,220000,,220000,150442.61
60,16220,22700,XESTIÓN DE RSU. TRABALLOS REALIZADOS OUTRAS EMPRESAS,60,1,2,2918520.67,,2918520.67,2137628.25
60,16220,23000,MEDIO AMBIENTE. AXUDAS CUSTE MEMBROS ORGANOS DE GOBERNO,60,1,2,,,,
60,16220,23100,MEDIO AMBIENTE. LOCOMOCIÓN.DOS MEMBROS ÓRGANOS DO GOBERNO,60,1,2,,,,
60,16300,22700,LIMPEZA VIARIA E LIXO. TRAB. REALIZADOS POR OUTRAS EMPRESAS,60,1,2,4228232.2,,4228232.2,3145616.31
60,16400,22699,CEMITERIO. OTROS GASTOS DIVERSOS,60,1,2,,,,4698.21
60,16400,22700,CEMITERIO.TRAB.REALIZADOS POR OUTRAS EMPRESAS.LIMPEZA E ASEO,60,1,2,142034.64,,142034.64,94138.56
60,16500,22100,ALUMEADO PÚBLICO. SUBMINISTRO DE ENERXÍA ELÉCTRICA.,60,1,2,2540000,,2540000,1289854.27
60,16500,22709,ALUMEADO PÚBL. OUTROS TRAB.REALIZ POR OUTRAS EMPRESAS E PROF,60,1,2,927461.64,,927461.64,156811.79
60,16500,60900,ALUMEADO PÚBLICO.INVESTIMENTOS NOVOS INFRAEST,60,1,6,150000,,150000,
60,17100,21000,PARQUES E XARDÍNS. REPARAC. MANTEM. E CONSERVAC. INFRAESTR.,60,1,2,75000,,75000,62243.57
60,17100,21600,PARQUES E XARDÍNS. REPARA. MANTEN. EQUIPOS PROCESOS INFORM.,60,1,2,800,,800,581.55
60,17100,22104,PARQUES E XARDÍNS. VESTIARIO.,60,1,2,5200,,5200,
60,17100,22199,PARQUES E XARDÍNS. OUTROS SUBMINISTROS. PLANTAS,60,1,2,2000,,2000,
60,17100,22699,PARQUES E XARDÍNS. OUTROS GASTOS DIVERSOS,60,1,2,500,,500,
60,17100,22701,PARQUES E XARDÍNS. SEGURIDADE,60,1,2,190,,190,101.64
60,17100,22706,PARQUES E XARDÍNS. ESTUDOS E TRABALLOS TÉCNICOS,60,1,2,26500,,26500,2881.01
60,17100,22799,PARQUES E XARDÍNS. OUTROS TRAB REALIZ POR OUTRAS EMPRESAS,60,1,2,3595338.7,,3595338.7,2261285.26
60,17100,60900,PARQUES E XARDÍNS. OBRAS DE INVESTIMENTOS,60,1,6,,150000,150000,
60,17100,60901,PARQUES E XARDINS.OUTROS INVESTIMENTOS NOVOS,60,1,6,60000,,60000,
60,17100,61900,PARQUES E  XARDINS.INVEST.REPOSICION INFRAEST.,60,1,6,77000,50000,127000,
60,17100,62500,PARQUES E XARDINS.MOBILIARIO,60,1,6,10000,,10000,
60,17210,21200,PROTECCIÓN CONTAMIN REPARAC. MANTEM. EDIFICIOS E O.CONSTRUC,60,1,2,5515,,5515,1770.93
60,17210,21600,PROTEC.CONTAMIN. A.L.A. Z.URBANAS.REPAR. MANTEN.EQ.PRO.INFO.,60,1,2,1000,,1000,837.23
60,17210,22000,PROTEC. CONTAMINACIÓN A.L.A.Z.URBANAS. MATERIAL OFICINA ORDI,60,1,2,500,,500,
60,17210,22104,PROTECCIÓN CONTAMINACIÓN A. LA Z. URBANAS. VESTIARIO,60,1,2,1000,,1000,
60,17210,22400,PROTECCIÓN CONTAMINACIÓN A.L.A. Z. URBANAS PRIMAS DE SEGUROS,60,1,2,1000,,1000,
60,17210,22501,MEDIO AMBIENTE. TRIBUTOS DAS COMUNIDADES AUTÓNOMAS,60,1,2,,,,
60,17210,22602,PROTEC. CONTAMINACIÓN A.L.A. Z.URBANAS. PUBLICIDADE E PROPAG,60,1,2,3000,,3000,
60,17210,22606,"P.CONTAMINACIÓN A.L.A. Z.URBANAS. REUNIÓNS, CONFER E CURSOS",60,1,2,1500,,1500,
60,17210,22701,PROTECCIÓN CONTAMINACIÓN A.L.A.Z. URBANAS. SEGURIDADE,60,1,2,750,,750,
60,17210,22706,PROTEC.CONTAMINACIÓN A.L.A.Z.URBANAS.ESTUDOS E TRAB.TÉCNICOS,60,1,2,15200,,15200,
60,17210,22799,PROTEC.CONTAMINACIÓN.A.L.A.Z.URBANAS.OTROS TRAB EMPRESAS,60,1,2,25267.52,,25267.52,16844.96
60,17210,62300,"PROTECCION CONTAMINACION ZONAS URB.MAQUINARIA,INSTAL E UTILL",60,1,6,500,,500,
60,17210,62500,PROTECCION CONTAMINACION ZONAS URB.MOBILIARIO,60,1,6,2000,,2000,
60,23104,22100,MOCIDADE. ENERXÍA ELÉCTRICA.,60,2,2,5000,,5000,1874.59
60,31100,22695,OPAS 2015 (060 31100 22699),60,3,2,,351.1,351.1,
60,31100,22699,PROTECCIÓN DA SALUBRIDADE PÚBLICA. ACTIVIDADES,60,3,2,12554,,12554,2276.01
60,31100,22700,PROTECCIÓN DA SALUBRIDADE PÚBLICA. LIMPEZA E ASEO,60,3,2,19052,,19052,12701.28
60,32300,22100,CEIPS.ENERXÍA ELÉCTRICA.,60,3,2,140000,,140000,130598.16
60,32301,22100,ESCOLAS INFANTÍS XEST MPAL. SUBMINISTRO ENERXÍA ELÉCTRICA.,60,3,2,8500,,8500,
60,32302,22100,ESCOLAS INFANTÍS CONVENIO CONSORCIO. ENERXÍA ELÉCTRICA.,60,3,2,55000,,55000,
60,32600,22100,SERV. COMPLEM. EDUCACIÓN ENERXÍA ELÉCTRICA.,60,3,2,5000,,5000,
60,34200,22100,INSTALACIÓNS DEPORTIVAS. ENERXÍA ELÉCTRICA.,60,3,2,358800,,358800,180988.09
60,44110,22602,TRANSPORTES. PUBLICIDADE E PROPAGANDA.,60,4,2,,,,
60,44110,45000,TRANSFERENCIAS Á COMUNIDADE AUTONOMA,60,4,4,26844.1,,26844.1,
60,44110,47900,TRANSPORTES. TRANSFERENCIAS NOMINATIVAS A EMPRESAS PRIVADAS,60,4,4,4409219.34,,4409219.34,3213724.4
60,92000,22100,ADMINISTRACIÓN XERAL. ENERXÍA ELÉCTRICA.,60,9,2,355000,,355000,206256.62
60,92000,62300,TRANSPORTES.PROXECTOS INVESTIMENTO,60,9,6,78000,,78000,
60,93200,22706,XESTIÓN DO SISTEMA TRIBUTARIO. ESTUDOS E TRABALLOS TÉCNICOS,60,9,2,600000,,600000,459195.97
60,93200,22795,OPAS 2015 (060 93200 22706),60,9,2,,45962.62,45962.62,
70,23102,21600,MULLER REPARA. MANTEN. EQUIPOS PROCESOS INFORM.,70,2,2,1200,,1200,
70,23102,22699,MULLER. OUTROS GASTOS DIVERSOS,70,2,2,80000,,80000,25954.35
70,23102,22706,MULLER. ESTUDOS E TRABALLOS TÉCNICOS,70,2,2,70000,,70000,43922.5
70,23102,22799,MULLER. OUTROS TRABALLOS REALIZADOS POR OUTRAS EMPRESAS,70,2,2,50000,,50000,
70,23102,48000,MULLER. ATENCIÓNS BENÉFICAS E ASISTENCIAIS.,70,2,4,30000,,30000,
70,23102,48900,MULLER.TRANSF. NOMINATI.  FAMILIAS E INST. SEN FIN DE LUCRO,70,2,4,20000,,20000,
70,23102,48901,MULLER.TRANSFERENCIAS NON NOMINATIVAS.,70,2,4,20000,,20000,
70,23102,62500,MULLER. MOBILIARIO,70,2,6,,,,
70,24100,20300,ARRENDAMENTO MAQUIN. INSTALAC. E UTILL.,70,2,2,,,,165.61
70,24100,21200,FOMENTO DE EMPREGO. REPARAC. MANTEM. EDIFICIOS E O.CONSTRUC,70,2,2,4532,,4532,2245.42
70,24100,21300,"FOMENTO EMPREGO.REPARAC. MANTEM, MAQUIN.,INSTA E UTILLA.",70,2,2,250,,250,
70,24100,21600,FOMENTO DO EMPREGO. REPARA. MANTEN. EQUIPOS PROCESOS INFORM.,70,2,2,,,,2928.2
70,24100,22001,"FOMENTO DO EMPREGO. PRENSA, REVISTAS, LIBROS E O. PUBLICACI",70,2,2,,,,3731.52
70,24100,22102,FOMENTO DO EMPREGO. GAS.,70,2,2,4500,,4500,269.21
70,24100,22104,FOMENTO DO EMPREGO. VESTIARIO.,70,2,2,,,,2495.56
70,24100,22400,FOMENTO DO EMPREGO. PRIMAS DE SEGUROS,70,2,2,3000,500,3500,
70,24100,22602,FOMENTO DO EMPREGO. PUBLICIDADE E PROPAGANDA,70,2,2,12000,,12000,
70,24100,22606,"FOMENTO DO EMPREGO. REUNIONS, CONFERENCIAS E CURSOS.",70,2,2,944676.21,93203.38,1037879.59,175985.71
70,24100,22699,FOMENTO DO EMPREGO. OUTROS GASTOS DIVERSOS,70,2,2,72743.46,4075.62,76819.08,27806.2
70,24100,22701,FOMENTO DO EMPREGO. SEGURIDADE,70,2,2,3987.39,,3987.39,278.3
70,24100,22706,FOMENTO DO EMPREGO. ESTUDOS E TRABALLOS TÉCNICOS,70,2,2,2000,,2000,
70,24100,47000,SUBVENCIONES PARA FOMENTO DEL EMPLEO.,70,2,4,,10222.68,10222.68,
70,24100,48900,FOMENTO DO EMPREGO. TRANFERENCIAS NOMINATIVAS.,70,2,4,25000,5740,30740,
70,24100,48901,EMPREGO. OUTRAS TRANSFERENCIAS NON NOMINATIVAS,70,2,4,,20000,20000,
70,24100,60900,FOMENTO DO EMPREGO.INVESTIMENTOS NOVOS INFRAEST,70,2,6,20000,,20000,
70,24100,63200,FOMENTO DO EMPREGO.INV. REPOSICION EDIFICIOS E CONSTRUCC.,70,2,6,20000,,20000,
70,24100,83100,FOMENTO DO EMPREGO.PRÉSTAMOS A LONGO PLAZO,70,2,8,70000,,70000,
70,43100,20300,COMERCIO. ARRENDAMENTO MAQUIN. INSTALAC. E UTILL.,70,4,2,,,,
70,43100,22699,COMERCIO. OUTROS GASTOS DIVERSOS. ACTIVIDADES,70,4,2,95000,16000,111000,40162.17
70,43100,48901,COMERCIO. TRANSF. NON NOMINATIVAS,70,4,4,50000,,50000,
70,43100,64100,COMERCIO. GASTOS EN APLICACIÓNS INFORMÁTICAS,70,4,6,,4235,4235,
70,43100,77000,COMERCIO.TRANSFERENCIAS CAPITAL A EMPRESAS PRIVAD,70,4,7,25000,,25000,
70,43120,21600,MERCADOS. REPARA. MANTEN. EQUIPOS PROCESOS INFORM.,70,4,2,500,,500,
70,43120,22699,MERCADOS. OUTROS GASTOS DIVERSOS.ACTIVIDADES,70,4,2,10000,,10000,5000
70,43120,47900,MERCADOS.TRANSFERENCIAS CORRENTES A EMPRESAS PRIVADAS,70,4,4,10000,,10000,
70,43120,48900,MERCADOS. TRANSFERENCIAS NOMINATIVAS,70,4,4,2100,,2100,1500
70,43200,23000,PROMOCIÓN TURÍSTICA. DIETAS CARGOS ELECTOS,70,4,2,1500,,1500,314.78
70,43200,23100,PROMOCIÓN TURÍSTICA. LOCOMOCIÓN CARGOS ELECTOS,70,4,2,8000,,8000,489.72
70,43200,44900,PROMOCION TURISTICA. ACHEGAS SOCIEDADES MERCANTIS MUNICIPAIS,70,4,4,1352000,,1352000,1014000
70,43200,62600,EQUIPOS PRA PROCESOS DE INFORMACION,70,4,6,,21396.21,21396.21,
70,43200,64100,GASTOS EN APLICACIÓNS INFORMÁTICAS,70,4,6,,64188.64,64188.64,
70,43200,74900,PROMOCIÓN TURÍSTICA.TRANS CAPITAL.INCOLSA,70,4,7,925000,,925000,
70,43300,22699,DESENVOLVEMENTO EMPRESARIAL.OUTROS GTOS.DIVERSOS.ACTIVIDADES,70,4,2,155000,,155000,43494.97
70,43300,22706,PROMOCIÓN ECONÓMICA. ESTUDIOS E TRABALLOS TÉCNICOS.,70,4,2,,,,
70,43300,44900,DESENVOLVEM. EMPRESARIAL. APORT. A SOCIED. MERCANTIS MUNICIP,70,4,4,20609,,20609,
70,43300,47901,DESENVOLV.EMPRESARIAL PROGRAMA SANTIGO INVESTORS SUPPORT,70,4,4,100000,,100000,
70,43300,48900,DESENVOLMENTO EMPRESARIAL. OUTRAS TRANF. NOMINATIVAS,70,4,4,9000,,9000,
70,43300,62300,"DESENV. EMPRESARIAL. MAQUINARIA, INSTALACIÓNS E UTILLAXE",70,4,6,,,,
70,49300,22000,OMIC. MATERIAL DE OFICINA ORDINARIO NON INVENTARIABLE,70,4,2,500,,500,
70,92300,22001,"ESTATISTICA. PRENSA, REVISTAS, LIBROS E OUTRAS PUBLICACIONS",70,9,2,100,,100,
70,92300,22699,ESTATÍSTICA. OUTROS GASTOS DIVERSOS,70,9,2,3000,,3000,
70,93304,62200,XESTIÓN PATRIMONIO SOCIAL. EDIFICIOS E OUTRAS CONSTRUCIÓNS,70,9,6,,158510,158510,
80,24100,12001,SUELDOS DEL GRUPO A2.,80,2,1,,,,
80,24100,13100,RETRIBUCIÓNS PERSOAL LABORAL TEMPORAL,80,2,1,,,,
80,32000,21300,ADMON XERAL EDUCACIÓN. REPARAC. MANTEM MAQU. INST.E UTILLA,80,3,2,300,,300,
80,32000,22001,"ADMON XERAL EDUCACIÓN. PRENSA, REVISTAS, LIBROS E OUTRAS PUB",80,3,2,700,,700,269.36
80,32000,22501,ADMÓN. XERAL EDUCACIÓN. TRIBUTOS DAS CC.AA.,80,3,2,5716,,5716,60
80,32000,22699,ADMÓN. XERAL DE EDUCACIÓN. OUTROS GASTOS DIVERSOS,80,3,2,1200,,1200,1685.17
80,32000,23000,ADMON XRAL EDUCACIÓN. DIETAS CARGOS ELECTOS,80,3,2,,,,285.62
80,32000,23100,ADMON XRAL EDUCACIÓN. LOCOMOCIÓN CARGOS ELECTOS,80,3,2,,,,687.15
80,32000,62300,"ADMON. XRAL EDUCACIÓN. MAQUINARIA, INST. E UTILLAXE",80,3,6,,,,
80,32300,21200,CEIPS. REPARAC. MANTEM. EDIFICIOS E O.CONSTRUC.,80,3,2,400000,,400000,253738.71
80,32300,21300,"CEIPS. REPARAC. MANTEM, MAQUIN.,INSTA E UTILLA.",80,3,2,40000,,40000,22849.15
80,32300,22103,CEIPS. COMBUSTIBLES E CARBURANTES.,80,3,2,4800,,4800,
80,32300,22195,OPAS 2015 (080 32300 22103),80,3,2,,948.1,948.1,
80,32300,22700,CENTROS DE EDUCACION INFANTIL E PRIMARIA LIMPIEZA Y ASEO.,80,3,2,,,,
80,32300,22701,CEIPS. TRABALLOS REALIZADOS POR OUTRAS EMPRESAS. SEGURIDADE,80,3,2,1088051.57,,1088051.57,704623.99
80,32300,61900,CEIPS.OUTROS INVESTIMENTOS REPOSICIÓN INFRAEST.,80,3,6,53425,,53425,
80,32301,21200,ESC. INFANT. REPAR. MANTEM. EDIFICIOS E O.CONSTRUC,80,3,2,30000,,30000,
80,32301,22103,ESCOLAS INFANTIS XESTION MUN.COMBUSTIBLES Y CARBURANTES.,80,3,2,,,,
80,32301,22699,ESCOLAS INFANTÍS XESTIÓ MUNICIPAL. OUTROS GASTOS DIVERSOS,80,3,2,150,,150,
80,32301,22706,ESCOLAS INFANTÍS . ESTUDOS E TRABALLOS TÉCNICOS.,80,3,2,3500,,3500,
80,32301,22799,ESCOLAS INFANTÍS XEST MPAL. TRAB REALIZ POR OUTRAS EMPRESAS,80,3,2,729844.79,,729844.79,371493.8
80,32301,62500,ESCOLAS INFANTÍS XEST MPAL. MOBILIARIO,80,3,6,,,,
80,32301,62900,ESCOLAS INFANTÍS XEST MPAL. OUTROS INVESTIMENTOS NOVOS,80,3,6,,,,
80,32301,63200,ESCOLAS INFANTÍS XEST MPAL. INV. REPOS EDIFICIOS E CONST.,80,3,6,,,,
80,32302,21200,ESC INF.CONV. CONSORC. REP. MANT.EDIFICIOS E O. CONSTRUCIÓNS,80,3,2,30000,,30000,84.1
80,32302,21300,ESC INF.CONV CONSOR. REP.MANT.E CONSERV. MAQ. INST. UTILLAXE,80,3,2,3000,,3000,1731.64
80,32302,22103,ESC. INFANTÍS CONV. CONSORCIO. COMBUSTIBLES E CARBURANTES.,80,3,2,13200,,13200,6040.91
80,32302,22200,ESC. INFANTÍS CONV CONSORCIO. SERVIZOS DE  TELECOMUNICACIÓNS,80,3,2,1000,,1000,
80,32302,22701,ESCOLAS INFANTÍS. CONVENIO CONSORCIO. SEGURIDADE,80,3,2,5564.94,,5564.94,3428.82
80,32302,62200,ESCOLAS INFANTIS XEST.MUNIC.EDIFICIOS E OUTRAS CONSTRUCCIONS,80,3,6,,37075.68,37075.68,1446.54
80,32302,63200,ESC.INFANTIS CONSORCIO.INV.REPOSICION EDIFICIOS E CONSTRUCC.,80,3,6,5000,74841.05,79841.05,
80,32400,48900,ENSINO SECUNDARIO. OUTRAS TRANSFERENCIAS NOMINATIVAS.,80,3,4,6208,,6208,
80,32600,21200,SERV. COMPLEM. EDUCA.REPARAC. MANTEM. EDIFICIOS E O.CONSTRUC,80,3,2,35000,,35000,
80,32600,21300,"SERV.COMPLEM. EDUCA. REPARAC. MANTEM, MAQ.,INSTA E UTILLA.",80,3,2,3000,,3000,1200.25
80,32600,22102,SERVIZOS COMPLEMENTARIOS. EDUCACIÓN. GAS,80,3,2,4000,,4000,
80,32600,22103,PROMOCION EDUCATIVA. COMBUSTIBLES Y CARBURANTES.,80,3,2,,,,
80,32600,22200,SERVIZOS COMPLEMENTARIOS. EDUCACIÓN. COMUNICACIÓNS,80,3,2,1000,,1000,
80,32600,22603,SERV. COMPL. DE EDUCACIÓN. PUBLICACIÓN EN DIARIOS OFICIAIS,80,3,2,,,,
80,32600,22695,OPAS 2015 (080 32600 22699),80,3,2,,5678.4,5678.4,
80,32600,22699,SERV.COMPLEM. EDUCACIÓN. OUTROS GASTOS DIVERSOS. ACTIVIDADES,80,3,2,152500,,152500,40223.67
80,32600,22700,PROMOCION EDUCATIVA. LIMPIEZA Y ASEO.,80,3,2,,,,1854.45
80,32600,22701,SERVIZOS COMPLEMENTARIOS DA EDUCACIÓN. SEGURIDADE,80,3,2,2367.41,,2367.41,2021.87
80,32600,22706,SERV.COMPLEM. EDUCACIÓN. ESTUDIOS E TRABALLOS TÉCNICOS,80,3,2,,,,2916.1
80,32600,22795,OPAS 2015 (080 32600 22701),80,3,2,,159.18,159.18,
80,32600,22799,SERV.COMPLEM.EDUCACIÓN. TRAB. REALIZADOS POR OUTRAS EMPRESAS,80,3,2,411400,,411400,313494.89
80,32600,48900,SERV. COMPLEM. EDUCACIÓN. OUTRAS TRANSFERENCIAS.,80,3,4,15000,,15000,
80,32600,48901,SERV. COMPLEM. EDUCACIÓN. OUTRAS TRANF. NON NOMINATIVAS,80,3,4,10700,,10700,
80,32600,60900,PROMOCIÓN EDUCATIVA. OBRAS DE INVERSIONS,80,3,6,,23138.83,23138.83,
80,32600,62300,"SERV. COMP. EDUCACIÓN. MAQUINARIA, INSTALACIONS E UTILLAXE",80,3,6,,,,
80,32600,62500,SERV.COMPLEMENTO EDUCACIÓN.MOBILIARIO,80,3,6,15000,,15000,
80,32600,62600,SERV. COMPL. EDUCACIÓN. EQUIPOS PROC. DE INFORMACION,80,3,6,,,,
80,32600,63200,INV. REPOSICION EDIFICIOS E CONSTRUCC.,80,3,6,,733.61,733.61,
80,43300,13100,RETRIBUCIÓNS PERSOAL LABORAL TEMPORAL,80,4,1,,,,
80,92000,21000,ADMON.XERAL.REPARAC. MANTEM. E CONSERVAC. INFRAESTR.,80,9,2,,,,
80,92001,22112,"SUMIN. DE MATERIAL ELECTRÓNICO, ELÉCTRICO Y DE TELECOMUNIC.",80,9,2,,,,
90,23104,21300,"MOCIDADE. REPARAC. MANTEM, MAQUIN.,INSTA E UTILLA.",90,2,2,2000,,2000,2870.12
90,23104,22101,MOCIDADE. AGUA.,90,2,2,,,,
90,23104,22103,MOCIDADE. COMBUSTIBLES Y CARBURANTES.,90,2,2,,,,
90,23104,22200,MOCIDADE. SERVICIOS DE TELECOMUNICACIONES.,90,2,2,,,,
90,23104,22300,MOCIDADE. TRANSPORTES.,90,2,2,1800,,1800,
90,23104,22602,PUBLICIDADE E PROPAGANDA.,90,2,2,,,,1067.66
90,23104,22606,"MOCIDADE. REUNIÓNS, CONFERENCIAS E CURSOS",90,2,2,6000,,6000,
90,23104,22609,MOCIDADE. ACTIVIDADES CULTURAIS E DEPORTIVAS,90,2,2,115000,,115000,8808
90,23104,22699,MOCIDADE. OUTROS GASTOS DIVERSOS. ACTIVIDADES,90,2,2,2000,,2000,2343.1
90,23104,22700,MOCIDADE. LIMPEZA E ASEO,90,2,2,8400,,8400,
90,23104,22701,SEGURIDAD.,90,2,2,,,,
90,23104,22706,MOCIDADE. ESTUDOS E TRABALLOS TÉCNICOS,90,2,2,2000,,2000,2480.5
90,23104,22799,MOCIDADE. OUTROS TRABALLOS REALIZADOS POR OUTRAS EMPRESAS,90,2,2,55000,,55000,19275.37
90,23104,48101,MOCIDADE.TRANFERENCIAS CORRENTES,90,2,4,4500,,4500,
90,23104,62200,MOCIDADE.EDIFICIOS E OUTRAS CONSTRUCCIONS,90,2,6,30000,44680,74680,
90,23104,62300,"MOCIDADE. MAQUINARIA, INSTALACIONS E UTILLAXE",90,2,6,,,,
90,31101,22602,PROTECCIÓN DA SALUBRIDADE PÚBL: BENESTAR. PUBLICID. E PROPAG,90,3,2,3000,,3000,
90,31101,22700,PROTECCIÓN SALUBRIDADE PÚBLI. BENESTAR ANIMAL. LIMP.E ASEO,90,3,2,26979.09,,26979.09,29838.5
90,31101,22706,PROTECCIÓN SALUBRIDADE PÚB: BENESTAR ANIMAL EST. E TRAB. TÉC,90,3,2,11000,,11000,
90,31101,48900,PROTECC.SALUBRIDAD PÚB.BENESTAR ANIMAL.TRANSF NOMINATIVAS,90,3,4,158350,,158350,118762.5
90,33404,21300,"REPARAC. MANTEM, MAQUIN.,INSTA E UTILLA.",90,3,2,,,,
90,33404,22101,AGUA.,90,3,2,,,,
90,33404,22706,ESTUDIOS Y TRABAJOS TÉCNICOS.,90,3,2,,,,
90,34000,22602,AX DEPORTE. PUBLICIDADE E PROPAGANDA,90,3,2,3000,,3000,
90,34000,22603,AX DEPORTE. PUBLICACIÓN EN DIARIOS OFICIAIS,90,3,2,4000,,4000,
90,34000,23000,PROMOCIÓN E FOMENTO DO DEPORTE. DIETAS CARGOS ELECTOS,90,3,2,500,,500,
90,34100,22104,PROMOCIÓN E FOMENTO DO DEPORTE. VESTIARIO,90,3,2,1750,,1750,1209.49
90,34100,22106,PROMOC FOMENTO DEPORTE PRODUCTOS FARMAC Y MAT SANITARIO.,90,3,2,3000,,3000,
90,34100,22300,PROMOCIÓN E FOMENTO DO DEPORTE. TRANSPORTES.,90,3,2,2000,,2000,
90,34100,22609,PROMOC E FOMENTO DO DEPORTE. ACTIVIDADES DEPORTIVAS,90,3,2,97500,,97500,23203.52
90,34100,22706,PROMOCIÓN E FOMENTO DO DEPORTE. ESTUDOS E TRAB. TÉCNICOS,90,3,2,20000,,20000,8805.78
90,34100,45390,PROMOC E FOMENTO DO DEPORTE.OUTRAS SUBV. A SDADES. MERCANTIS,90,3,4,71610,,71610,
90,34100,47900,PROMOC. FOMENTO  DEPORTE TRANSF. NOMINATIVAS EMPRESAS PRIVAD,90,3,4,65000,,65000,
90,34100,48900,PROMOC E FOMENTO DEPORTE. TRANSF NOMINATIV. FAMILI E ISFL,90,3,4,211000,,211000,
90,34100,48901,PROM. FOMENTO  DEPORTE.TRANSF. NON NOMINATIV FAMILIA E ISFL,90,3,4,250000,,250000,
90,34200,20300,INSTALAC DEPORTIVAS. ARRENDAMENTO MAQUIN. INSTALAC. E UTILL.,90,3,2,,,,
90,34200,21200,INSTALAC DEPORTIVAS. REPARAC. MANTEM. EDIFICIOS E O.CONSTRUC,90,3,2,90000,,90000,52001.78
90,34200,21201,INSTALAC. DEPORTIVAS.CONSERV.MANTEN.CAMPOS FÚTBOL.,90,3,2,150000,,150000,107056.25
90,34200,21600,INSTALAC. DEPORT. CONS.REPARA. MANTEN. EQUIP. PROCESOS INFO.,90,3,2,3000,,3000,1137.45
90,34200,22000,INSTALAC. DEPORTIVAS.MATERIAL DE OFICINA ORDINARIO NON INVET,90,3,2,2000,,2000,769.4
90,34200,22102,INSTALACIÓNS DEPORTIVAS. GAS,90,3,2,18000,,18000,2731.22
90,34200,22103,INSTALACIÓNS DEPORTIVAS. COMBUSTIBLES E CARBURANTES.,90,3,2,42000,,42000,13426.08
90,34200,22501,INSTALACIÓNS DEPORTIVAS. TRIBUTOS DAS CC.AA.,90,3,2,9000,,9000,
90,34200,22700,INSTALACIÓNS DEPORTIVAS. LIMPEZA E ASEO,90,3,2,27830,,27830,9207.51
90,34200,22701,INSTALACIÓNS DEPORTIVAS. SEGURIDADE,90,3,2,77200.93,,77200.93,51211.2
90,34200,22799,INSTALACIÓNS DEPORTIVAS CONSERV. E MANTEMENTO,90,3,2,700000,-127000,573000,279055.4
90,34200,62200,INSTALACIONS DEPORTIVAS.EDIFICIOS E OUTRAS CONSTRUCCIONS,90,3,6,38000,320306.71,358306.71,220450.77
90,34200,62300,"INSTALACIONS DEPORTIVAS.MAQUINARIA, INSTALACIONS E UTILLAXE",90,3,6,10000,,10000,
90,34200,62500,INSTALACIONES DEPORTIVAS.MOBILIARIO,90,3,6,20000,,20000,
90,34200,63200,INST. DEPORTIVAS.INV. REPOSICION EDIFICIOS E CONSTRUCC.,90,3,6,400000,,400000,
90,93302,63200,XESTIÓN PATRIMONIO DEPORTIVO. INV. REP. EDIFICIOS E CONST.,90,9,6,,208504.72,208504.72,
100,15321,60900,ACTUACIÓNS INTEGRAIS VIAS PÚB. OUTROS INVESTIMENTOS,100,1,6,401149.76,,401149.76,
100,16100,60900,ABASTECEMENTO DOMIC AUGA POTABLE.OUTROS INVESTIMENTOS,100,1,6,51172.39,,51172.39,
100,16500,61900,ALUMEADO PÚB.INVEST.REPOSICION INFRAEST.,100,1,6,83771.15,,83771.15,
100,33600,61900,PROTECCION PATRIMONIO Hº ART.INVEST.REPOSICION INFRAEST,100,3,6,39050.73,,39050.73,
100,45400,21000,CAMIÑOS VECIÑAIS. REPARAC. MANTEM. E CONSERVAC. INFRAESTR.,100,4,2,420000,,420000,97498.15
100,45400,21200,CAMIÑOS VECIÑAIS.REPARAC. MANTEM. EDIFICIOS E O.CONSTRUC,100,4,2,7500,,7500,
100,45400,22706,MEDIO RURAL. ESTUDIOS Y TRABAJOS TÉCNICOS.,100,4,2,,,,17593.4
100,45400,61900,CAMIÑOS VECIÑAIS.INVEST.REPOSICIÓN INFRAEST.,100,4,6,941588.86,1019186.48,1960775.34,9121.7
100,45400,62300,"CAMIÑOS VECIÑAIS.MAQUINARIA, INSTALACIONS E UTILLAXE",100,4,6,40000,,40000,
100,45400,62500,MOBILIARIO,100,4,6,,20276.92,20276.92,
