#Org.,Prog.,Econ.,Denominación,Vinc. Org.,Vinc. Fun.,Vinc. Eco.,Créditos Iniciales,Modificaciones de Crédito,Créditos Definitivos,Obligaciones Reconocidas
10,43200,22699,TURISMO. OUTROS GASTOS DIVERSOS,10,4,2,50000,0,50000,48961.37
10,91200,21600,REPARA. MANTEN. EQUIPOS PROCESOS INFORM.,10,9,2,0,0,0,320.47
10,91200,22000,ORGANOS DE GOBERNO.MATERIAL ORDINARIO NO INVENTARIABLE.,10,9,2,4000,0,4000,1784.29
10,91200,22001,"ORGANOS GOBERNO.PRENSA, REVISTAS, LIBROS E OUTRAS PUB.",10,9,2,5000,0,5000,48
10,91200,22602,ORGANOS DE GOBERNO. PUBLICIDADE E PROPAGANDA.,10,9,2,165000,169000,334000,400364.28
10,91200,22606,"ORGANOS DE GOBERNO. REUNIONS, CONFERENCIAS E CURSOS.",10,9,2,5000,0,5000,0
10,91200,22699,ORGANOS DE GOBERNO. OUTROS GASTOS DIVERSOS,10,9,2,30000,0,30000,0
10,91200,22706,ORGANOS DE GOBERNO. ESTUDIOS E TRABALLOS TÉCNICOS.,10,9,2,20000,50000,70000,0
10,91200,23000,ORGANOS GOBERNO.AXUDAS CUSTE MEMBROS DOS ÓRGANOS DE GOBERNO.,10,9,2,5000,0,5000,2781.31
10,91200,23100,OGANOS GOBERNO.LOCOMOCIÓN. DOS MEMBROS ÓRGANOS DE GOBERNO,10,9,2,8000,0,8000,11999.31
10,91200,23300,ORGANOS DE GOBERNO. OUTRAS INDEMNIZACIÓNS,10,9,2,45000,0,45000,44564.15
10,91200,48900,ORGANOS DE GOBERNO.OUTRAS TRANSFERENCIAS,10,9,4,151200,0,151200,147870
10,91201,20300,ARRENDAMENTO MAQUIN. INSTALAC. E UTILLAXE,10,9,2,2500,0,2500,0
10,91201,22601,PROTOCOLO.ATENCIONS PROTOCOLARIAS E REPRESENTATIVAS.,10,9,2,90000,0,90000,116700.38
10,91201,22699,PROTOCOLO. OUTROS GASTOS DIVERSOS,10,9,2,10000,0,10000,0
10,92002,22000,PRESIDENCIA. MATERIAL ORDINARIO NON INVENTARIABLE.URBAN,10,9,2,400,0,400,0
10,92002,22602,PRESIDENCIA. PUBLICIDADE E PROPAGANDA.URBAN,10,9,2,20573.15,0,20573.15,665.5
10,92002,22699,PRESIDENCIA. OUTROS GASTOS DIVERSOS. URBAN,10,9,2,500,0,500,265.9
10,92002,22706,PRESIDENCIA. ESTUDIOS E TRABALLOS TÉCNICOS.URBAN,10,9,2,22747.38,6900,29647.38,3630
10,92002,23020,PRESIDENCIA. AXUDAS DE CUSTE DO PERSOAL NON DIRECTIVO.URBAN,10,9,2,350,0,350,0
10,92002,23120,PRESIDENCIA. LOCOMOCIÓN DO PERSOAL NON DIRECTIVO. URBAN,10,9,2,800,0,800,0
10,92200,48902,ADMINISTRACIÓN XERAL. OUTRAS SUBVENCIONS,10,9,4,3800,0,3800,0
10,92500,22602,INFORMACIÓN. PUBLICIDAD E PROPAGANDA.,10,9,2,53500,-25000,28500,28380.55
10,92501,21600,COMUNICACION.REPARA. MANTEN. EQUIPOS PROCESOS INFORM.,10,9,2,0,0,0,806.84
10,92501,22001,"COMUNICACION.PRENSA, REVISTAS, LIBROS Y OTRAS PUBLICACIONES.",10,9,2,0,0,0,0
10,92501,22602,COMUNICACIÓN. PUBLICIDADE E PROPAGANDA.,10,9,2,162000,-34586.08,127413.92,102148.94
10,94300,46300,TRANSFERENCIAS A ADMINIS.PUBLICAS.MANCOMUNIDADES,10,9,4,33600,0,33600,33600
10,94300,46600,TRANSFERENCIAS A OUTRAS ENTIDADES QUE AGRUPEN CONCELLOS,10,9,4,87200,0,87200,85238.7
10,94300,46700,TRANSFERENCIAS CORRENTES A ADMONS.PUBLICAS. CONSORCIOS,10,9,4,1361295.28,140000,1501295.28,1501295.28
20,23000,21200,ADMON.XERAL SERV.SOC.REPARAC. MANTEM. EDIFICIOS E O.CONSTRUC,20,2,2,6197.57,0,6197.57,15674.42
20,23000,21300,"ADMON.XERAL SERV.SOC. REPARAC.MANTEM, MAQUIN.,INSTA E UTILLA",20,2,2,19257.08,0,19257.08,238.37
20,23000,21600,ADMON.XERAL.SERV.SOC.REPARA. MANTEN.EQUIPOS PROCESOS INFORM,20,2,2,0,0,0,8676.99
20,23000,22000,ORDINARIO NO INVENTARIABLE.,20,2,2,0,0,0,0
20,23000,22001,"ADMON.XERAL SERV.SOC. PRENSA, LIBROS E OUTRAS PUBLICACIONS",20,2,2,349,0,349,349
20,23000,22103,ADMON XERAL DE SERV. SOCIAIS. COMBUSTIBLES E CARBURANTES,20,2,2,15200,0,15200,17540.36
20,23000,22199,ADMON.XERAL DE SERVIZOS SOCIAIS.OUTROS SUMINISTROS.,20,2,2,0,0,0,6346.62
20,23000,22699,ADMON.XERAL DE SERVIZOS SOCIAIS. OUTROS GASTOS DIVERSOS,20,2,2,92202.02,0,92202.02,25834.79
20,23000,22701,ADMINISTRACIÓN XERAL SERVIZOS SOCIAIS. SEGURIDADE,20,2,2,704.37,0,704.37,861.69
20,23101,21200,UMAD. REPARAC. MANTEM. EDIFICIOS E O.CONSTRUC,20,2,2,33455.55,0,33455.55,10676.5
20,23101,21300,"UMAD. REPARAC. MANTEM, MAQUIN.,INSTA E UTILLA.",20,2,2,3686.15,0,3686.15,1287.08
20,23101,22001,"UMAD. PRENSA, REVISTAS, LIBROS Y OTRAS PUBLICACIONES.",20,2,2,379,0,379,30
20,23101,22103,UMAD. COMBUSTIBLES E CARBURANTES.,20,2,2,7000,0,7000,6046.69
20,23101,22105,UMAD. PRODUCTOS ALIMENTICIOS.,20,2,2,812.81,0,812.81,724.39
20,23101,22106,UMAD. PRODUCTOS FARMACÉUTICOS E MATERIAL SANITARIO.,20,2,2,2709.38,0,2709.38,2708.73
20,23101,22199,UMAD. OUTROS SUBMINISTROS.,20,2,2,3609.06,0,3609.06,331.6
20,23101,22699,UMAD. OUTROS GASTOS DIVERSOS,20,2,2,135384.29,0,135384.29,93765.73
20,23101,22700,LIMPIEZA Y ASEO.,20,2,2,0,0,0,0
20,23101,22701,UMAD. SEGURIDADE,20,2,2,40091.63,0,40091.63,42907.33
20,23200,21300,"MULLER. REPARAC. MANTEM, MAQUIN.,INSTA E UTILLA.",20,2,2,810,0,810,0
20,23200,22699,MULLER. OUTROS GASTOS DIVERSOS,20,2,2,51066.88,0,51066.88,48897.3
20,23200,22706,MULLER. ESTUDOS E TRABALLOS TÉCNICOS.,20,2,2,51733.73,0,51733.73,51733.73
20,23200,22799,MULLER. OUTROS TRABALLOS REALIZADOS POR OUTRAS EMPRESAS,20,2,2,24500,0,24500,1229.26
20,23200,48000,MULLER. ATENCIÓNS BENÉFICAS E ASISTENCIAIS,20,2,4,34000,0,34000,34000
20,23200,48901,MULLER. OUTRAS TRANSFERENCIAS,20,2,4,17000,0,17000,12868.5
20,23201,22699,EMIGRACIÓN/INMIGRACIÓN. OUTROS GASTOS DIVERSOS,20,2,2,31960,0,31960,2880
20,23203,48000,SERVIZOS SOCIAIS. ATENCIÓNS BENÉFICAS E ASISTENCIAIS,20,2,4,386877.45,0,386877.45,374675.63
20,23203,48001,SERVIZOS SOCIAIS. SUBVENCIONS. CTES.A INST.SEN FINS DE LUCRO,20,2,4,447000,0,447000,331385.63
20,23203,78000,SERVIZOS SOCIAIS. TRANSF. DE CAPITAL A FAMILIAS E I.S.F.L.,20,2,7,17000,0,17000,17000
20,23300,22703,SERVIZOS SOCIAIS. CONTRATOS PRESTACION SERVIZOS,20,2,2,914441.28,0,914441.28,778085.16
20,32000,21300,"ADMON.XERAL EDUCACIÓN.REPARAC.MANTEM, MAQUIN.,INSTA E UTILLA",20,3,2,500,0,500,0
20,32000,21600,"ADMON.XERAL EDUCACION,REP.MANTEN. EQUIPOS PROCESOS INFORM.",20,3,2,0,0,0,478.6
20,32000,22001,"ADMON.XERAL EDUCACIÓN. PRENSA,  LIBROS E OUTRAS PUBLICACIONS",20,3,2,1000,0,1000,613.16
20,32000,22501,ADMÓN.XERAL DA EDUCACIÓN.TRIBUTOS DAS COMUNIDADES AUTÓNOMAS.,20,3,2,100,0,100,0
20,32000,22699,ADMINISTRACIÓN XERAL DA EDUCACÓN. OUTROS GASTOS DIVERSOS,20,3,2,4130,-2242.13,1887.87,600.1
20,32100,21200,CEIPS. REPARAC. MANTEM. EDIFICIOS E O.CONSTRUC,20,3,2,350000,0,350000,299880.79
20,32100,21300,"CEIPS. REPARAC. MANTEM, MAQUIN.,INSTA E UTILLA.",20,3,2,33000,0,33000,27366.87
20,32100,22103,CENTROS ED. INFANTIL E PRIMARIA. COMBUSTIBLES E CARBURANTES.,20,3,2,5000,0,5000,4431.52
20,32100,22700,CENTROS EDUCACIÓN INFANTIL E PRIMARIA. LIMPEZA E ASEO.,20,3,2,6500,0,6500,0
20,32100,22701,CENTROS EDUCACIÓN INFANTIL E PRIMARIA. SEGURIDADE,20,3,2,1117500,0,1117500,1162915.02
20,32101,21200,ESCOLAS INFANTÍS. REPARAC. MANTEM. EDIFICIOS E O.CONSTRUC,20,3,2,15000,0,15000,29095.45
20,32101,22101,ESCOLAS INFANTIS XESTIÓN MUNICIPAL. AUGA.,20,3,2,500,0,500,0
20,32101,22103,ESCOLAS INFANTÍS XESTIÓN MUNICIPALCOMBUSTIBLES E CARBURANTES,20,3,2,4200,-2394.9,1805.1,0
20,32101,22200,ESCOLAS INFANTÍS XESTIÓN M. SERVIZOS DE TELECOMUNICACIONS,20,3,2,600,0,600,0
20,32101,22699,ESCOLAS INFANTÍS XESTIÓN MUNICIPAL. OUTROS GASTOS DIVERSOS,20,3,2,300,0,300,0
20,32101,22701,ESCOLAS INFANTÍS XESTIÓN MUNICIPAL. SEGURIDADE.,20,3,2,1000,0,1000,2413.95
20,32101,22706,ESCOLAS INFANTÍS. ESTUDOS E TRABALLOS TÉCNICOS.,20,3,2,5000,0,5000,3599.75
20,32101,22799,ESCOLAS INFANTIS. O.TRABALLOS REALIZADOS POR OUTRAS EMPRESAS,20,3,2,709479.9,0,709479.9,799530.6
20,32101,62200,ESCOLAS INFANTIS XEST.MUNIC.EDIFICIOS E OUTRAS CONSTRUCCIONS,20,3,6,15267.11,33144.36,48411.47,0
20,32102,21200,ESCOLAS CONVE.CONSORCIO REPARAC.MANTEM.EDIFICIOS E O.CONSTRC,20,3,2,15000,0,15000,45826.42
20,32102,22101,ESCOLAS INFANTÍS CONVENIO CONSORCIO. AUGA,20,3,2,700,0,700,0
20,32102,22103,ESCOLAS CONVENIO CONSORCIO. COMBUSTIBLES E CARBURANTES.,20,3,2,14200,0,14200,8926.71
20,32102,22200,ESCOLAS IN.CONVENIO CONSORCIO. SERVIZOS DE TELECOMUNICACIONS,20,3,2,3500,0,3500,0
20,32102,22700,ESCOLAS INFANTÍS CONVENIO CONSORCIO.LIMPEZA E ASEO.,20,3,2,50000,0,50000,24962.22
20,32102,22701,ESCOLAS INFANTÍS CONVENIO CONSORCIO. SEGURIDADE,20,3,2,7000,0,7000,4776.27
20,32102,22706,ESCOLAS INF.CONVENIO CONSORCIO.ESTUDOS E TRABALLOS TÉCNICOS,20,3,2,5000,0,5000,5000
20,32102,63200,ESCOLAS INFANTIS CONVENIO CONSORCIO.INVEST.EDIFICIIOS E CONS,20,3,6,74841.05,0,74841.05,0
20,32200,48900,ENSINO SECUNDARIO.OUTRAS TRANSFERENCIAS,20,3,4,6208,0,6208,6208
20,32300,21200,PROMOC.EDUCATIVA. REPARAC.MANTEM.EDIFICIOS E O.CONSTRUC,20,3,2,9000,0,9000,24422.15
20,32300,21300,"PROMOCIÓN EDUCATIVA REPARAC.MANTEM,MAQUIN.,INSTA E UTILLA.",20,3,2,5000,0,5000,2821.96
20,32300,22101,PROMOCIÓN EDUCATIVA. AUGA,20,3,2,1000,0,1000,0
20,32300,22103,PROMOCIÓN EDUCATIVA. COMBUSTIBLES E CARBURANTES,20,3,2,6500,0,6500,0
20,32300,22200,PROMOCIÓN EDUCATIVA. SERVIZOS DE TELECOMUNICACIONS.,20,3,2,1500,0,1500,1040.31
20,32300,22699,PROMOCIÓN EDUCATIVA. OUTROS GASTOS DIVERSOS,20,3,2,150000,-30000,120000,88683.83
20,32300,22700,PROMOCIÓN EDUCATIVA. LIMPEZA E ASEO.,20,3,2,5000,0,5000,0
20,32300,22701,PROMOCIÓN EDUCATIVA. SEGURIDADE,20,3,2,2700,0,2700,2093.48
20,32300,22799,P.EDUCATIVA.OUTROS TRABALLOS REALIZADOS POR OUTRAS EMPRESAS,20,3,2,357410.46,-105824.79,251585.67,193000
20,32300,23020,PROMOCIÓN EDUCATIVA.AXUDAS DE CUSTE DO PERSOAL NON DIRECTIVO,20,3,2,1250,0,1250,170
20,32300,23120,PROMOCIÓN EDUCATIVA.LOCOMOCIÓN DO PERSOAL NON DIRECTIVO.,20,3,2,1250,0,1250,313.48
20,32300,48900,PROMOCIÓN EDUCATIVA. OUTRAS TRANSFERENCIAS,20,3,4,8000,0,8000,8000
20,32300,60900,PROMOCIÓN EDUCATIVA. OBRAS DE INVERSIONS,20,3,6,23138.83,0,23138.83,0
20,32300,63200,INV. REPOSICION EDIFICIOS E CONSTRUCC.,20,3,6,0,733.61,733.61,0
20,32400,22799,SERV.COMPLE.EDUCACIÓN.O TRABALLOS REALIZADOS POR O. EMPRESAS,20,3,2,63056.25,0,63056.25,40735.91
20,34200,62300,"MAQUINARIA, INSTALACIONS E UTILLAXE",20,3,6,0,13345.52,13345.52,13124.1
21,23202,21300,"MOCIDADE. REPARAC. MANTEM, MAQUIN.,INSTA E UTILLA.",21,2,2,10000,0,10000,184.89
21,23202,22100,MOCIDADE. ENERXÍA ELÉCTRICA.,21,2,2,5000,0,5000,0
21,23202,22103,MOCIDADE. COMBUSTIBLES E CARBURANTES.,21,2,2,3000,0,3000,0
21,23202,22200,MOCIDADE. SERVIZOS DE TELECOMUNICACIONS.,21,2,2,3000,0,3000,0
21,23202,22300,MOCIDADE. TRANSPORTES.,21,2,2,3102,0,3102,1211
21,23202,22400,MOCIDADE. PRIMAS DE SEGUROS,21,2,2,100,0,100,0
21,23202,22602,MOCIDADE. PUBLICIDADE E PROPAGANDA.,21,2,2,0,0,0,11447.19
21,23202,22699,MOCIDADE.GASTOS DIVERSOS.ACTIVIDADES,21,2,2,60000,0,60000,66334.06
21,23202,22706,MOCIDADE.ESTUDIOS E TRABALLOS TECNICOS,21,2,2,0,0,0,3025
21,23202,22799,MOCIDADE.OUTROS TRABALLOS REALIZADOS POR OUTRAS EMPRESAS,21,2,2,72300,-41113.58,31186.42,22165.92
21,23202,48101,MOCIDADE. TRANSFERENCIAS CORRENTES,21,2,4,5200,0,5200,5199.98
21,23202,62200,MOCIDADE. EDIFICIOS E OUTRAS CONSTRUCCIONS,21,2,6,52186.18,241169.7,293355.88,0
21,23202,62500,MOCIDADE. MOBILIARIO,21,2,6,50000,0,50000,35090
21,33402,22699,NORMALIZACIÓN  LINGUISTICA. OUTROS GASTOS DIVERSOS,21,3,2,36300,0,36300,36148.95
21,33402,48901,NORMALIZACIÓN LINGUISTICA. OUTRAS TRANSFERENCIAS,21,3,4,7175,0,7175,7000
22,34100,22104,PROOCIÓN E FOMENTO DO DEPORTE. VESTIARIO.,22,3,2,1925,0,1925,1616.81
22,34100,22106,PROMOCIÓN E FOMENTO DO DEPORTE.PRODUCTOS FARMACÉUTICO,22,3,2,2280,0,2280,2280
22,34100,22110,PROMOCIÓN E FOMENTO DO DEPORTE.PRODUCTOS DE LIMPEZA E ASEO.,22,3,2,800,0,800,0
22,34100,22201,PROMOCIÓN E FOMENTO DO DEPORTE. POSTAIS.,22,3,2,950,0,950,0
22,34100,22300,PROMOCIÓN E FOMENTO DO DEPORTE. TRANSPORTES.,22,3,2,3000,0,3000,1307.35
22,34100,22601,PROMOCION E FOMENTO DEPORTE. ATENCIONS PROTOCOLARIAS E REP.,22,3,2,3000,0,3000,423.5
22,34100,22602,PROMOCIÓN E FOMENTO DO DEPORTE. PUBLICIDADE E PROPAGANDA.,22,3,2,3000,0,3000,6883.99
22,34100,22609,PROMOC. E FOMEN.DO DEPORT ACTIVIDADES CULTURAIS E DEPORTIVAS,22,3,2,122000,-40000,82000,76237.95
22,34100,22706,PROMOC.E FOMENTO DO DEPORTE.ESTUDIOS E TRABALLOS TÉCNICOS.,22,3,2,20000,0,20000,40353.5
22,34100,23000,PROMOC.E FOMENTO DEPORTE.AXUDAS CUST MEMBROS ÓRGANOS GOBERNO,22,3,2,1000,0,1000,120
22,34100,23100,PROMOC.E FOMENTO DEPORTE.LOCOMOCIÓN MEMBROS ÓRGANOS GOBERNO,22,3,2,1500,0,1500,323.42
22,34100,47900,O.A.DEPORTES.TRANSFERENCIAS CORRENTES A EMPRESAS PRIVADAS,22,3,4,45000,0,45000,45000
22,34100,48900,PROMOCION E FOMENTO DO DEPORTE.OUTRAS TRANSFERENCIAS,22,3,4,148000,40000,188000,137744.43
22,34100,48901,PROMOCIÓN E FOMENTO DO DEPORTE. OUTRAS TRANSFERENCIAS,22,3,4,200000,0,200000,191639.24
22,34200,20900,DEPORTES. CÁNONES.,22,3,2,9000,-6830.55,2169.45,0
22,34200,21200,DEPORTES. REPARAC. MANTEM. EDIFICIOS E O.CONSTRUC,22,3,2,62000,0,62000,87664.72
22,34200,21201,"DEPORTES.REPARACIÓN, MANTEMTO E CONSERV.EDIF.E OUTRAS CONS",22,3,2,70000,0,70000,69505.35
22,34200,21300,"DEPORTES.REPARAC. MANTEM, MAQUIN.,INSTA E UTILLA.",22,3,2,7205,0,7205,5836.8
22,34200,21600,DEPORTES. REPARA. MANTEN. EQUIPOS PROCESOS INFORM.,22,3,2,0,0,0,2174.7
22,34200,22000,DEPORTES. ORDINARIO NON INVENTARIABLE.,22,3,2,3000,0,3000,2267.27
22,34200,22103,DEPORTES. COMBUSTIBLES E CARBURANTES.,22,3,2,50000,0,50000,37072.83
22,34200,22603,DEPORTES. PUBLICACIÓN EN DIARIOS OFICIALES.,22,3,2,0,0,0,2347.87
22,34200,22700,DEPORTES. LIMPEZA E ASEO.,22,3,2,30000,0,30000,22485.52
22,34200,22701,DEPORTES. SEGURIDADE,22,3,2,82000,0,82000,84083.64
22,34200,22799,DEPORTES.OUTROS TRABALLOS REALIZADOS POR OUTRAS EMPRESAS,22,3,2,560000,0,560000,523798.53
22,34200,62200,DEPORTES. EDIFICIOS E OUTRAS CONSTRUCCIONS,22,3,6,270000,114256.44,384256.44,18594.19
22,34200,62500,DEPORTES. MOBILIARIO,22,3,6,20000,0,20000,27068.37
22,34200,63200,DEPORTES. INV. REPOSICION EDIFICIOS E CONSTRUCC.,22,3,6,150000,-78000,72000,0
30,1100,31000,XUROS OPERACIONS ENDEBEDAMENTO,30,0,3,1652973.72,0,1652973.72,1599818.76
30,1100,91300,AMORTIZACION PRESTAMOS,30,0,9,8207436.92,4008505.85,12215942.77,12215942.77
30,15100,62600,URBANISMO.EQUIPOS PRA PROCESOS DE INFORMACION,30,1,6,10000,0,10000,9998.4
30,16200,22708,LIMPEZA VIARIA E LIXO. DE RECAUDACIÓN A FAVOR DE LA ENTIDAD.,30,1,2,190000,37738.46,227738.46,222187.31
30,49300,21300,"OMIC. REPARAC. MANTEM, MAQUIN.,INSTA E UTILLA.",30,4,2,350,0,350,0
30,49300,22000,OMIC. MATERIAL ORDINARIO NON INVENTARIABLE.,30,4,2,1300,0,1300,0
30,49300,22001,"OMIC. PRENSA, REVISTAS, LIBROS E OUTRAS PUBLICACIONS.",30,4,2,300,0,300,0
30,49300,22699,OMIC. OUTROS GASTOS DIVERSOS,30,4,2,2000,0,2000,0
30,92000,21000,ADMON.XERAL.REPARAC. MANTEM. E CONSERVAC. INFRAESTR.,30,9,2,0,1363.42,1363.42,0
30,92000,22200,ADMINISTRACIÓN XERAL. SERVIZOS DE TELECOMUNICACIONS.,30,9,2,286659.25,0,286659.25,301791.47
30,92001,21300,"INFORMATICA. REPARAC. MANTEM, MAQUIN.,INSTA E UTILLA.",30,9,2,1040,0,1040,0
30,92001,21600,INFORMATICA. REPARA. MANTEN. EQUIPOS PROCESOS INFORM.,30,9,2,9360,0,9360,4900
30,92001,22001,"INFORMATICA. PRENSA, REVISTAS, LIBROS Y OTRAS PUBLICACIONES.",30,9,2,21766.9,0,21766.9,25114.27
30,92001,22002,INFORMATICA. MATERIAL INFORMÁTICO NO INVENTARIABLE.,30,9,2,35720.14,0,35720.14,37901.43
30,92001,22699,INFORMATICA. OUTROS GASTOS DIVERSOS,30,9,2,1814.79,0,1814.79,2223.9
30,92001,22706,INFORMATICA. ESTUDOS E TRABALLOS TÉCNICOS.,30,9,2,239327.97,-86428.47,152899.5,149055.62
30,92001,22799,INFORMATICA.OUTROS TRABALLOS REALIZADOS POR OUTRAS EMPRESAS,30,9,2,300182.06,0,300182.06,219800.33
30,92001,62600,INFORMATICA. EQUIPOS PARA PROCESOS DE INFORMACION,30,9,6,100000,-47000,53000,100993.12
30,92001,64100,INFORMATICA. GASTOS EN APLICACIÓNS INFORMÁTICAS,30,9,6,254000,-122000,132000,59273.11
30,93100,20200,POLITICA ECONÓMICA E RRENDAMENTOS EDIFICIOS E OUTRAS CONSTR.,30,9,2,30414.68,0,30414.68,29989.6
30,93100,20201,POLITICA ECONOMICA E FISCAL.ADMON XERAL.ARRENDAMENTOS,30,9,2,48496.38,0,48496.38,48295.98
30,93100,20300,POLITICA ECONOM.E FISCAL ARRENDAMENTO MAQUIN.INSTALAC  UTILL,30,9,2,12382.95,0,12382.95,6122.6
30,93100,21200,POLITICA ECONOMICA. REPARAC. MANTEM. EDIFICIOS E O.CONSTRUC.,30,9,2,0,0,0,1454.09
30,93100,21300,"POLITICA ECON.E FISC REPARAC. MANTEM, MAQUIN.INSTA E UTILLA.",30,9,2,3000,0,3000,0
30,93100,21600,POLITICA ECONO.REPARA. MANTEN. EQUIPOS PROCESOS INFORM.,30,9,2,4000,0,4000,713.79
30,93100,22000,POLITICA ECON.E FISC. MAT.ORDINARIO NO INVENTARIABLE.,30,9,2,10000,-8956.43,1043.57,595.78
30,93100,22001,"POLITICA ECONOM.PRENSA,REVISTAS,LIBROS OUTRAS PUBLICACIONES",30,9,2,1500,0,1500,4384.34
30,93100,22100,POLITICA ECONOMICA E FISCAL. ENERXÍA ELÉCTRICA.,30,9,2,0,0,0,2192.47
30,93100,22101,POLITICA ECONOMICA E FISCAL. AUGA,30,9,2,0,0,0,340.76
30,93100,22601,ATENCIONES PROTOCOLARIAS Y REPRESENTATIVAS.,30,9,2,0,0,0,124.8
30,93100,22602,POLITICA ECONOMICA E FISCAL.PUBLICIDADE E PROPAGANDA.,30,9,2,6000,0,6000,25665.56
30,93100,22603,`POLITICA ECONOMICA E FISCAL.PUBLICACIÓN DIARIOS OFICIAIS,30,9,2,0,0,0,1775.83
30,93100,22606,"POLITICA ECONOMICA E FISCAL .REUNIONS,CONFERENCIAS E CURSOS.",30,9,2,0,0,0,60980
30,93100,22699,POLITICA ECONOMICA E FISCAL. OUTROS GASTOS DIVERSOS,30,9,2,2000,0,2000,15471.79
30,93100,22701,POLITICA ECONOMICA E FISCAL. SEGURIDADE.,30,9,2,1000,0,1000,1264.75
30,93100,22706,POLITICA ECONOMICA E FISCAL.ESTUDOS E TRABALLOS TÉCNICOS.,30,9,2,336000,-72111.2,263888.8,56597.43
30,93100,22799,POLIITICA ECONOMICA E FISCAL.OUTROS TRABA.REALIZ.ESTUDOS E A,30,9,2,123000,0,123000,51031.75
30,93100,23000,POLITICA ECON.AXUDAS CUSTE DOS MEMBROS ÓRGANOS DE GOBERNO,30,9,2,1000,0,1000,0
30,93100,23010,POLITICA ECONOMICA. AXUDAS CUSTO DO PERSOAL DIRECTIVO.,30,9,2,1000,0,1000,0
30,93100,23020,POLITICA ECONÓMICA AXUDAS DE CUSTE.DO PERSOAL NON DIRECTIVO.,30,9,2,800,0,800,0
30,93100,23100,POLITICA ECONOMICA LOCOMOCIÓN.DOS MEMBROS ÓRGANOS DO GOBERNO,30,9,2,800,0,800,0
30,93100,23110,POLITICA ECONOMICA LOCOMOCIÓN DO PERSOAL DIRECTIVO.,30,9,2,800,0,800,0
30,93100,23120,POLITICA ECONOMICA. LOCOMOCIÓN. DO PERSOAL NON DIRECTIVO.,30,9,2,800,0,800,0
30,93100,62300,"POLITICA ECONOMICA. MAQUINARIA, INSTALACIONS E UTILLAXE",30,9,6,6500,0,6500,6496.49
30,93200,21600,REPARA. MANTEN. EQUIPOS PROCESOS INFORM.,30,9,2,0,0,0,2204.32
30,93200,22000,ORDINARIO NO INVENTARIABLE.,30,9,2,0,0,0,5325.35
30,93200,22706,XESTION DO SISTEMA TRIBUTARIO. ESTUDOS E TRABALLOS TÉCNICOS.,30,9,2,561250,0,561250,438061.61
30,93200,22708,XESTION SISTEMA TRIBUTARIO.RECADACIÓN A FAVOR DA ENTIDADE,30,9,2,40000,0,40000,10670.67
30,93200,22799,XESTION DO SISTEMA TRIBUTARIO.ESTUDOS E TRABALLOS O.EMPRESAS,30,9,2,320000,0,320000,385247.72
31,13200,12000,SEGURIDADE E ORDEN PÚBLICO.SOLDOS DO GRUPO A1.,31,1,1,49642.02,0,49642.02,31936.62
31,13200,12001,SEGURIDADE E ORDE PUBLICO.SOLDOS DO GRUPO A2,31,1,1,214152.56,0,214152.56,153233.24
31,13200,12002,SEGURIDADE E ORDEN PÚBLICO. SOLDOS DO GRUPO B.,31,1,1,0,0,0,0
31,13200,12003,SEGURIDADE E ORDEN PÚBLICO. SOLDOS DO GRUPO C1.,31,1,1,1606468.2,-188770.91,1417697.29,1388939.91
31,13200,12006,SEGURIDADE E ORDEN PÚBLICO. TRIENIOS.,31,1,1,268478.64,0,268478.64,306837.87
31,13200,12009,SEGURIDADE E ORDEN PÚBLICO. OUTRAS RETRIBUCIÓNS BÁSICAS.,31,1,1,0,0,0,0
31,13200,12100,SEGURIDADE E ORDEN PÚBLICO. COMPLEMENTO DE DESTINO.,31,1,1,829261.8,-100000,729261.8,706089.55
31,13200,12101,SEGURIDADE E ORDEN PÚBLICO. COMPLEMENTO ESPECÍFICO.,31,1,1,2263083.42,-300000,1963083.42,1933838.86
31,13200,15000,SEGURIDADE E O.PUBLICCOMPLEMENTO PRODUCTIVIDADE FUNCIONARIOS,31,1,1,4183.8,0,4183.8,3628.1
31,13200,15100,GRATIFICACIONS FUNCIONARIOS,31,1,1,0,0,0,385859.02
31,13200,16000,SEGURIDADE E ORDEN PÚBLICO.SEGURIDADE SOCIAL.,31,1,1,1644850.68,0,1644850.68,1741660.58
31,13200,16400,SEGURIDADE E O.PUBLICO.COMPLEMENTO FAMILIAR DE PERSOAL,31,1,1,7200,0,7200,5866.67
31,13300,12001,TRÁFICO.SOLDOS DO GRUPO A2.,31,1,1,14579.36,0,14579.36,14072.36
31,13300,12003,TRÁFICO.SOLDOS DO GRUPO C1,31,1,1,22487.04,0,22487.04,17881.26
31,13300,12004,TRÁFICO.SOLDOS DO GRUPO C2,31,1,1,27955.24,0,27955.24,27280.12
31,13300,12006,TRÁFICO. TRIENIOS.,31,1,1,13938.72,0,13938.72,14740.31
31,13300,12100,TRÁFICO. COMPLEMENTO DE DESTINO.,31,1,1,31255.8,0,31255.8,29123.47
31,13300,12101,TRÁFICO. COMPLEMENTO ESPECÍFICO,31,1,1,83474.4,0,83474.4,78187.94
31,13300,13000,TRAFICO.RETRIBUCIONS BÁSICAS.,31,1,1,11954.5,0,11954.5,11769.94
31,13300,13002,TRAFICO.RETRIBUCIÓNS COMPLEMENTARIAS,31,1,1,12655.92,0,12655.92,12840.36
31,13300,16000,TRÁFICO.SEGURIDADE SOCIAL.,31,1,1,68435.16,0,68435.16,68474.3
31,13500,12001,BOMBEIROS.SOLDOS DO GRUPO A2.,31,1,1,14325.86,0,14325.86,11432.52
31,13500,12002,BOMBEIROS. SOLDOS DO GRUPO B.,31,1,1,0,0,0,0
31,13500,12003,BOMBEIROS. SOLDOS DO GRUPO C1.,31,1,1,44235.3,0,44235.3,30325.31
31,13500,12004,BOMBEIROS. SOLDOS DO GRUPO C2.,31,1,1,546838.6,0,546838.6,478779.97
31,13500,12006,BOMBEIROS. TRIENIOS.,31,1,1,74155.32,0,74155.32,85519.38
31,13500,12100,BOMBEIROS. COMPLEMENTO DE DESTINO.,31,1,1,278806.56,0,278806.56,244189.93
31,13500,12101,BOMBEIROS. COMPLEMENTO ESPECÍFICO.,31,1,1,844790.88,0,844790.88,742906.99
31,13500,15100,GRATIFICACIONS FUNCIONARIOS,31,1,1,0,0,0,115160.27
31,13500,16000,BOMBEIROS.SEGURIDADE SOCIAL.,31,1,1,658012.92,0,658012.92,684169.76
31,13500,16400,BOMBEIROS. COMPLEMENTO FAMILIAR DE PERSOAL FUNCIONARIO,31,1,1,2400,0,2400,7200
31,15200,12000,VIVENDA. SOLDOS DO GRUPO A1.,31,1,1,243956.68,0,243956.68,193659.27
31,15200,12001,VIVENDA. SOLDOS DO GRUPO A2.,31,1,1,99663.08,0,99663.08,94665.45
31,15200,12003,VIVENDA. SOLDOS DO GRUPO C1.,31,1,1,143487.44,0,143487.44,126045.46
31,15200,12004,VIVENDA. SOLDOS DO GRUPO C2.,31,1,1,56129.56,0,56129.56,54515.44
31,15200,12006,VIVENDA. TRIENIOS.,31,1,1,85089.12,0,85089.12,96674.99
31,15200,12100,VIVENDA. COMPLEMENTO DE DESTINO.,31,1,1,258414.48,0,258414.48,224723.52
31,15200,12101,V IVENDA. COMPLEMENTO ESPECÍFICO.,31,1,1,713950.26,0,713950.26,622443.45
31,15200,13000,VIVENDA. RETRIBUCIONS BÁSICAS.,31,1,1,34612.2,0,34612.2,34630.3
31,15200,13002,VIVENDA. RETRIBUCIONS COMPLEMENTARIAS,31,1,1,37967.76,0,37967.76,38521.08
31,15200,16000,VIVENDA. SEGURIDADE SOCIAL.,31,1,1,427160.76,0,427160.76,415446.59
31,15500,12003,INFRAESTRUCTURAS.SOLDOS DO GRUPO C1.,31,1,1,11359.12,0,11359.12,10904.52
31,15500,12004,INFRAESTRUCTURAS. SOLDOS DO GRUPO C2.,31,1,1,103119.16,0,103119.16,60619.8
31,15500,12006,INFRAESTRUCTURAS. TRIENIOS.,31,1,1,22869.96,0,22869.96,20209.46
31,15500,12100,INFRAESTRUCTURAS. COMPLEMENTO DE DESTINO.,31,1,1,52307.4,0,52307.4,34773.51
31,15500,12101,INFRAESTRUCTURAS. COMPLEMENTO ESPECÍFICO.,31,1,1,132390.84,0,132390.84,88713.05
31,15500,13000,INFRAESTRUCTURAS. RETRIBUCIONS BÁSICAS.,31,1,1,38590.76,0,38590.76,38603.19
31,15500,13002,INFRAESTRUCTURAS. RETRIBUCIONS COMPLEMENTARIAS,31,1,1,40052.88,0,40052.88,40501.08
31,15500,13100,INFRAESTRUCTURAS.RETRIBUCIÓNS PERSOAL LABORAL TEMPORAL,31,1,1,10658.34,0,10658.34,10416.04
31,15500,13102,INFRAESTRUCTURAS.RETR.COMPLEM.LABORAIS TEMPORAIS,31,1,1,11982.48,0,11982.48,12224.76
31,15500,16000,INFRAESTRUCTURAS. SEGURIDADE SOCIAL.,31,1,1,153570.72,0,153570.72,126625.16
31,15500,16202,TRANSPORTE DE PERSONAL.,31,1,1,0,0,0,5147.6
31,15500,16400,INFRAESTRUCTURA .COMPLEMENTO FAMILIAR DE PERSOAL FUNCIONARIO,31,1,1,2400,0,2400,2400
31,17100,12003,PARQUES E XARDINS. SOLDOS DO GRUPO C1.,31,1,1,55293.38,0,55293.38,53692.02
31,17100,12004,PARQUES E XARDINS. SOLDOS DO GRUPO C2.,31,1,1,93419.48,0,93419.48,90784.4
31,17100,12006,PARQUES E XARDINS. TRIENIOS.,31,1,1,26416.56,0,26416.56,32076.99
31,17100,12100,PARQUES E XARDINS. COMPLEMENTO DE DESTINO.,31,1,1,67598.52,0,67598.52,67598.52
31,17100,12101,PARQUES E XARDINS. COMPLEMENTO ESPECÍFICO.,31,1,1,169347.78,0,169347.78,169346.8
31,17100,13000,PARQUES E XARDINS. RETRIBUCIONS BÁSICAS.,31,1,1,25068.76,0,25068.76,24949.9
31,17100,13002,PARQUES E XARDINS.RETRIBUCIONS COMPLEMENTARIAS,31,1,1,25851.6,0,25851.6,26220.48
31,17100,16000,PARQUES E XARDINS. SEGURIDADE SOCIAL.,31,1,1,148776.6,0,148776.6,152340.74
31,17200,12000,MEDIO AMBIENTE. SOLDOS DO GRUPO A1.,31,1,1,32212.52,0,32212.52,31686.31
31,17200,12001,MEDIO AMBIENTE. SOLDOS DO GRUPO A2.,31,1,1,14281.1,0,14281.1,13881.45
31,17200,12006,MEDIO AMBIENTE. TRIENIOS.,31,1,1,8038.68,0,8038.68,8908.42
31,17200,12100,MEDIO AMBIENTE.COMPLEMENTO DE DESTINO.,31,1,1,20108.16,0,20108.16,20047.83
31,17200,12101,MEDIO AMBIENTE. COMPLEMENTO ESPECÍFICO.,31,1,1,61696.14,0,61696.14,61481.09
31,17200,13000,RETRIBUCIONS BÁSICAS.,31,1,1,0,0,0,433.6
31,17200,16000,MEDIO AMBIENTE. SEGURIDADE SOCIAL.,31,1,1,31879.8,0,31879.8,32978.53
31,17200,20200,MEDIO AMBIENTE.ARRENDAMENTOS EDIFICIOS E OUTRAS CONSTR.,31,1,2,18254.9,0,18254.9,0
31,23000,12000,ADMINISTRACION XERAL DE SERVIZOS SOCIAS. SOLDOS DO GRUPO A1,31,2,1,16710.46,0,16710.46,16342.12
31,23000,12001,ADMINISTRACION XERAL SERVIZOS SOCIAIS. SOLDOS DO GRUPO A2,31,2,1,14579.36,0,14579.36,14072.36
31,23000,12003,ADMINISTRACION XERAL DE SERVIZOS SOCIAIS.SOLDOS DO GRUPO C1,31,2,1,11013.56,0,11013.56,10674.42
31,23000,12004,ADMINISTRACION XERAL DE SERVIZOS SOCIAIS.SOLDOS DO GRUPO C2.,31,2,1,9362.12,0,9362.12,9078.44
31,23000,12006,ADMINISTRACIÓN XERAL DE SERVIZOS SOCIAIS. TRIENIOS.,31,2,1,11608.44,0,11608.44,13106.6
31,23000,12100,ADMINISTRACIÓN XERAL SERVIZOS SOCIAIS.COMPLEMENTO D DESTINO,31,2,1,25920.48,0,25920.48,25920.48
31,23000,12101,ADMINISTRACION XERAL SERVIZOS SOCIAISCOMPLEMENTO ESPECÍFICO,31,2,1,73117.92,0,73117.92,73117.8
31,23000,13000,ADMINISTRACIÓN XERAL SERVICIOS SOCIAIS.RETRIBUCIONS BASICAS,31,2,1,283900.1,0,283900.1,265686.16
31,23000,13002,ADMON.XERAL SERVIZOS SOCIAIS.RETRIBUCIONS COMPLEMENTARIAS,31,2,1,320927.88,0,320927.88,271060.64
31,23000,13100,ADMON.XERAL SERV.SOC. RETRIBUCIÓNS PERSOAL LABORAL TEMPORAL,31,2,1,6403.95,7117.53,13521.48,13869.88
31,23000,16000,ADMINISTRACION XERAL DE SERVIZOS SOCIAIS.SEGURIDADE SOCIAL.,31,2,1,226400.83,2351.92,228752.75,220435.9
31,23000,16400,COMPLEMENTO FAMILIAR DE PERSOAL FUNCIONARIO,31,2,1,0,0,0,4800
31,23101,13000,UMASD. RETRIBUCIONS BÁSICAS.,31,2,1,298523.18,0,298523.18,284839.08
31,23101,13002,UMAD. RETRIBUCIONS COMPLEMENTARIAS,31,2,1,331166.4,0,331166.4,290872.55
31,23101,16000,UMAD. SEGURIDADE SOCIAL.,31,2,1,189887.28,0,189887.28,181696.21
31,23200,13000,MULLER. RETRIBUCIONS BÁSICAS.,31,2,1,32471.14,0,32471.14,30006.7
31,23200,13002,MULLER. RETRIBUCIONS COMPLEMENTARIAS,31,2,1,36745.44,0,36745.44,30866.39
31,23200,16000,MULLER. SEGURIDADE SOCIAL.,31,2,1,21415.2,0,21415.2,21685.63
31,23201,13000,EMIGRACIÓN/INMIGRACIÓN. RETRIBUCIONS BÁSICAS.,31,2,1,18871.52,0,18871.52,15601.86
31,23201,13002,EMIGRACIÓN/INMIGRACIÓN. RETRIBUCIONS COMPLEMENTARIAS,31,2,1,22003.32,0,22003.32,15139.44
31,23201,16000,EMIGRACIÓN/INMIGRACIÓN. SEGURIDADE SOCIAL.,31,2,1,12630.24,0,12630.24,12636.22
31,24100,12001,FOMENTO DO EMPREGO.SOLDOS DO GRUPO A2.,31,2,1,16623.74,10838.94,27462.68,34736.25
31,24100,12004,FOMENTO DO EMPREGO. SOLDOS DO GRUPO C2.,31,2,1,9318.14,0,9318.14,9078.44
31,24100,12006,FOMENTO DO EMPREGO. TRIENIOS.,31,2,1,1972,1288.99,3260.99,3448.53
31,24100,12100,FOMENTO DO EMPREGO. COMPLEMENTO DE DESTINO.,31,2,1,10121.02,3507.06,13628.08,16499.29
31,24100,12101,FOMENTO DO EMPREGO.COMPLEMENTO ESPECÍFICO.,31,2,1,24809.22,9358.12,34167.34,41709.34
31,24100,13000,FOMENTO DO EMPREGO. RETRIBUCIONS BÁSICAS.,31,2,1,32701.3,0,32701.3,20959.42
31,24100,13002,FOMENTO DO EMPREGO. RETRIBUCIONS COMPLEMENTARIAS,31,2,1,36745.2,0,36745.2,21679.61
31,24100,13100,FOMENTO EMPREGO. RETRIBUCIÓNS PERSOAL LABORAL TEMPORAL,31,2,1,39626.19,62615.95,102242.14,90466.49
31,24100,13101,RETRIBUCIÓNS PERSOAL LABORAL TEMPORAL. OBRADOIRO,31,2,1,0,80277.59,80277.59,80277.66
31,24100,13102,FOMENTO EMPREGO. OUTRAS REMUNERACIÓNS. LABORAIS TEMPORAIS,31,2,1,28248,579.68,28827.68,16935.76
31,24100,13103,LABORAL TEMPORAL. OUTRAS REMUNERACIÓNS VARIABLES OBRADOIRO,31,2,1,0,153079.5,153079.5,150443.29
31,24100,16000,FOMENTO DO EMPREGO. SEGURIDADE SOCIAL.,31,2,1,61921.11,68010.34,129931.45,111006.01
31,31300,12003,SANIDADE. SOLDOS DO GRUPO C1.,31,3,1,11198.84,0,11198.84,10764.24
31,31300,12004,SANIDADE. SOLDOS DO GRUPO C2.,31,3,1,28072.08,0,28072.08,27150.43
31,31300,12006,SANIDADE. TRIENIOS.,31,3,1,8008.56,0,8008.56,9384.76
31,31300,12100,SANIDADE. COMPLEMENTO DE DESTINO.,31,3,1,17873.88,0,17873.88,17824.31
31,31300,12101,SANIDADE. COMPLEMENTO ESPECÍFICO.,31,3,1,46842.6,0,46842.6,46726.56
31,31300,16000,SANIDADE. SEGURIDADE SOCIAL.,31,3,1,36383.4,0,36383.4,37471.64
31,32000,12000,ADMINISTRACIÓN XERAL DA EDUCACIÓN.SOLDOS DO GRUPO A1.,31,3,1,16316.74,0,16316.74,15843.16
31,32000,12006,ADMINISTRACIÓN XERAL DA EDUCACIÓN. TRIENIOS.,31,3,1,4606.2,0,4606.2,5558.9
31,32000,12100,ADMINISTRACIÓN XERAL DA EDUCACIÓN.COMPLEMENTO DE DESTINO,31,3,1,6995.04,0,6995.04,6995.04
31,32000,12101,ADMINISTRACIÓN XERAL DA EDUCACIÓN.COMPLEMENTO ESPECÍFICO.,31,3,1,22070.58,0,22070.58,22070.58
31,32000,13000,ADMINISTRACIÓN XERAL DA EDUCACIÓN. RETRIBUCIONS BÁSICAS.,31,3,1,21317.68,0,21317.68,13642.14
31,32000,13002,ADMINISTRACIÓN XERAL EDUCACIÓN RETRIBUCIONS COMPLEMENTARIAS,31,3,1,22138.92,0,22138.92,10530.56
31,32000,16000,ADMINISTRACIÓN XERAL DA EDUCACIÓN. SEGURIDADE SOCIAL.,31,3,1,23061.84,0,23061.84,23723.62
31,33400,12000,PROMOCIÓN CULTURAL. SOLDOS DO GRUPO A1.,31,3,1,15854.86,0,15854.86,10900.69
31,33400,12006,PROMOCIÓN CULTURAL. TRIENIOS.,31,3,1,1535.4,0,1535.4,1397.24
31,33400,12100,PROMOCIÓN CULTURAL. COMPLEMENTO DE DESTINO.,31,3,1,6118.08,0,6118.08,4248.67
31,33400,12101,PROMOCIÓN CULTURAL. COMPLEMENTO ESPECÍFICO.,31,3,1,17690.58,0,17690.58,12285.09
31,33400,16000,PROMOCIÓN CULTURAL. SEGURIDADE SOCIAL.,31,3,1,10359.36,0,10359.36,10571.5
31,33401,12001,BANDA DE MUSICA. SOLDOS DO GRUPO A2.,31,3,1,336005.66,-10928.73,325076.93,296782.72
31,33401,12003,BANDA DE MUSICA. SOLDOS DO GRUPO C1.,31,3,1,65558.54,0,65558.54,57254.55
31,33401,12006,BANDA DE MUSICA. TRIENIOS.,31,3,1,53566.32,0,53566.32,61813.51
31,33401,12100,BANDA DE MUSICA. COMPLEMENTO DE DESTINO.,31,3,1,152902.8,0,152902.8,136802.39
31,33401,12101,BANDA DE MUSICA. COMPLEMENTO ESPECÍFICO.,31,3,1,352103.88,0,352103.88,317525.86
31,33401,13000,BANDA DE MÚSICA. RETRIBUCIONS BÁSICAS.,31,3,1,69059.28,0,69059.28,68501.96
31,33401,13002,BANDA DE MÚSICA. RETRIBUCIONS COMPLEMENTARIAS,31,3,1,67025.4,0,67025.4,66412.43
31,33401,13100,BANDA DE MUSICA. RETRIBUCIÓNS PERSOAL LABORAL TEMPORAL,31,3,1,18011.86,0,18011.86,19706.78
31,33401,13102,BANDA DE MUSICA.RETRIBUCIONS COMPLEMENTARIAS P.LABORAL TEMPO,31,3,1,37441.8,0,37441.8,33648.56
31,33401,16000,BANDA DE MUSICA. SEGURIDADE SOCIAL.,31,3,1,327132,0,327132,336479.02
31,33401,16400,COMPLEMENTO FAMILIAR DE PERSOAL FUNCIONARIO,31,3,1,2400,0,2400,2400
31,33402,13000,NORMALIZACIÓN LINGUISTICA. RETRIBUCIONS BÁSICAS.,31,3,1,21463.84,0,21463.84,22947.04
31,33402,13002,NORMALIZACIÓN LINGUISTICA. RETRIBUCIONS COMPLEMENTARIAS,31,3,1,27395.88,0,27395.88,25912.68
31,33402,16000,NORMALIZACIÓN LINGUISTICA. SEGURIDADE SOCIAL.,31,3,1,12702.48,0,12702.48,13284.71
31,33403,13000,CENTROS SOCIOCULTURAIS. RETRIBUCIONS BÁSICAS.,31,3,1,224516.08,0,224516.08,232403.37
31,33403,13002,CENTROS SOCIOCULTURAIS. RETRIBUCIONS COMPLEMENTARIAS,31,3,1,266638.08,422000,688638.08,733559.7
31,33403,13100,CENTROS SOCIOCULTURAIS.RETRIBUCIÓNS PERSOAL LABORAL TEMPORAL,31,3,1,48678.38,0,48678.38,48548.54
31,33403,13102,CENTROS SOCIOCULTURAIS.RET.COMPLEMENT.LABORAIS TEMPORAIS,31,3,1,61632.48,0,61632.48,61762.08
31,33403,16000,CENTROS SOCIOCULTURAIS. SEGURIDADE SOCIAL.,31,3,1,183399.24,120000,303399.24,352076.94
31,33403,22700,REXIME INTERIOR E PERSOAL. CSC. LIMPEZA E ASEO.,31,3,2,256665.42,0,256665.42,217048.04
31,33404,12003,P.CULTURAL.ASOCIACION VECIÑAIS.SOLDOS GRUPO C1,31,3,1,22086.02,0,22086.02,21438.66
31,33404,12006,P.ULTURAL.ASOCIACIONS VECIÑAS.TRIENIOS,31,3,1,4244.16,0,4244.16,5587.57
31,33404,12100,PROMOCION CULTURAL.AA.VV.COMPLEMENTO DE DESTINO.,31,3,1,10013.88,0,10013.88,10013.88
31,33404,12101,P.CULTURAL.AA.VV.COMPLEMENTO ESPECÍFICO.,31,3,1,24670.32,0,24670.32,24670.38
31,33404,13100,RETRIBUCIÓNS PERSOAL LABORAL TEMPORAL,31,3,1,0,7117.53,7117.53,7315.79
31,33404,16000,PROMOCION CULTURAL.ASOCIACION VECIÑAIS.SEGURIDADE SOCIAL.,31,3,1,21323.4,2351.92,23675.32,23783.24
31,33601,12000,CASCO HISTORICO. SOLDOS DO GRUPO A1.,31,3,1,111843.16,0,111843.16,109047.58
31,33601,12001,CASCO HISTORICO. SOLDOS DO GRUPO A2.,31,3,1,13887.32,0,13887.32,13785.92
31,33601,12003,CASCO HISTORICO. SOLDOS DO GRUPO C1.,31,3,1,10978.1,0,10978.1,10674.42
31,33601,12004,CASCO HISTORICO. SOLDOS DO GRUPO C2.,31,3,1,27393.58,0,27393.58,26020.42
31,33601,12006,CASCO HISTORICO. TRIENIOS.,31,3,1,14144.16,0,14144.16,16868.51
31,33601,12100,CASCO HISTORICO. COMPLEMENTO DE DESTINO.,31,3,1,70522.8,0,70522.8,68880.53
31,33601,12101,CASCO HISTORICO. COMPLEMENTO ESPECÍFICO.,31,3,1,200075.4,0,200075.4,196608.41
31,33601,13000,CASCO HISTÓRICO. RETRIBUCIONS BÁSICAS.,31,3,1,33796.4,0,33796.4,35095.04
31,33601,13002,CASCO HISTORICO. RETRIBUCIONS COMPLEMENTARIAS,31,3,1,40051.8,0,40051.8,38753.04
31,33601,16000,CASCO HISTORICO. SEGURIDADE SOCIAL.,31,3,1,143418.36,0,143418.36,145802.14
31,33800,12003,FESTEXOS.SOLDOS DO GRUPO C1,31,3,1,11127.92,0,11127.92,10764.24
31,33800,12004,FESTEXOS. SOLDOS DO GRUPO C2.,31,3,1,9362.12,0,9362.12,9078.44
31,33800,12006,FESTEXOS. TRIENIOS.,31,3,1,4244.16,0,4244.16,4927.15
31,33800,12100,FESTEXOS. COMPLEMENTO DE DESTINO.,31,3,1,9475.56,0,9475.56,9475.56
31,33800,12101,FESTEXOS. COMPLEMENTO ESPECÍFICO.,31,3,1,23392.32,0,23392.32,23392.18
31,33800,16000,FESTEXOS. SEGURIDADE SOCIAL.,31,3,1,18617.28,0,18617.28,19312.38
31,34100,12003,PROMOCIÓN E FOMENTO DO DEPORTE.SOLDOS DO GRUPO C1.,31,3,1,10881.72,0,10881.72,10708.32
31,34100,12006,PROMOCIÓN E FOMENTO DO DEPORTE. TRIENIOS.,31,3,1,1376.76,0,1376.76,1587.52
31,34100,12100,PROMOCIÓN E FOMENTO DO DEPORTE.COMPLEMENTO DE DESTINO.,31,3,1,4737.48,0,4737.48,4737.48
31,34100,12101,PROMOCIÓN E FOMENTO DO DEPORTE. COMPLEMENTO ESPECÍFICO.,31,3,1,11674.38,0,11674.38,11862.83
31,34100,13000,PROMOCIÓN E FOMENTO DEPORTE. RETRIBUCIONS BÁSICAS.,31,3,1,141164.14,0,141164.14,141962.51
31,34100,13002,PROMOCIÓN E FOMENTO DEPORTE. RETRIBUCIONS COMPLEMENTARIAS,31,3,1,155273.64,0,155273.64,155255.41
31,34100,13100,RETRIBUCIÓNS PERSOAL LABORAL TEMPORAL,31,3,1,0,7117.53,7117.53,7315.79
31,34100,16000,PROMOCIÓN E FOMENTO DO DEPORTE. SEGURIDADE SOCIAL.,31,3,1,100328.16,2351.92,102680.08,104470.18
31,34200,22700,REXIME INTERIOR E PERSOAL. DEPORTES. LIMPEZA E ASEO.,31,3,2,173246.5,0,173246.5,153019.2
31,43101,13000,MERCADOS. RETRIBUCIONS BÁSICAS.,31,4,1,12500,0,12500,4787.46
31,43101,13002,MERCADOS. RETRIBUCIONS COMPLEMENTARIAS,31,4,1,12925.8,0,12925.8,1484.99
31,43101,16000,MERCADOS. SEGURIDADE SOCIAL.,31,4,1,7856.64,0,7856.64,7202.14
31,43300,12000,ECONOMIA.DESARROLLO EMPRESARIAL.SOLDOS DO GRUPO A1,31,4,1,48692.88,0,48692.88,45758.74
31,43300,12006,ECONOMIA.DESARROLLO EMPRESARIAL. TRIENIOS.,31,4,1,6653.4,0,6653.4,6769.27
31,43300,12100,ECNOMIA.DESARROLLO EMPRESARIAL.COMPLEMENTO DE DESTINO.,31,4,1,23861.16,0,23861.16,21922.51
31,43300,12101,ECONOMIA.DESARROLLO EMPRESARIAL. COMPLEMENTO ESPECÍFICO.,31,4,1,64503.9,0,64503.9,60330.99
31,43300,13000,ECONOMÍA DESARROLLO EMPRESARIAL. RETRIBUCIONS BÁSICAS.,31,4,1,29924.48,0,29924.48,30426.09
31,43300,13002,ECONOMIA DESARROLLO EMPRESARIAL RETRIBUCIONS COMPLEMENTARIAS,31,4,1,33205.2,20000,53205.2,68280.48
31,43300,13100,PROMOCION ECONOMICA.RETRIBUCIÓNS PERSOAL LABORAL TEMPORAL,31,4,1,15365.84,0,15365.84,13600.23
31,43300,13102,PROMOCIÓN ECONOMICA.RET.COMPLEMENT.PERS.LABORAL TEMPORAL,31,4,1,14931.96,0,14931.96,14663.49
31,43300,16000,ECONOMIA.DESARROLLO EMPRESARIAL. SEGURIDADE SOCIAL.,31,4,1,62936.52,0,62936.52,75378.18
31,45400,12000,CAMIÑOS VECIÑAIS.SOLDOS DO GRUPO A1.,31,4,1,16868.32,0,16868.32,15751.07
31,45400,12004,CAMIÑOS VECIÑAIS. SOLDOS DO GRUPO C2.,31,4,1,9497.2,0,9497.2,9168.16
31,45400,12006,CAMIÑOS VECIÑAIS. TRIENIOS.,31,4,1,7106.52,0,7106.52,7734.47
31,45400,12100,CAMIÑOS VECIÑAIS. COMPLEMENTO DE DESTINO.,31,4,1,14726.28,0,14726.28,14282.66
31,45400,12101,CAMIÑOS VECIÑAIS. COMPLEMENTO ESPECÍFICO.,31,4,1,35858.4,0,35858.4,34917.27
31,45400,16000,CAMIÑOS VECIÑAIS. SEGURIDADE SOCIAL.,31,4,1,23548.56,0,23548.56,26459.52
31,49300,12003,OMIC. SOLDOS DO GRUPO C1.,31,4,1,11268.2,0,11268.2,10904.52
31,49300,12006,OMIC. TRIENIOS.,31,4,1,2525.76,0,2525.76,3198
31,49300,12100,OMIC. COMPLEMENTO DE DESTINO.,31,4,1,6118.08,0,6118.08,6118.08
31,49300,12101,OMIC. COMPLEMENTO ESPECÍFICO.,31,4,1,17364.9,0,17364.9,17364.9
31,49300,13000,OMIC. RETRIBUCIONS BÁSICAS.,31,4,1,12750.26,0,12750.26,12798.06
31,49300,13002,OMIC. RETRIBUCIONS COMPLEMENTARIAS,31,4,1,12925.8,0,12925.8,13110.24
31,49300,16000,OMIC. SEGURIDAD SOCIAL.,31,4,1,20042.76,0,20042.76,20531.7
31,91200,10000,ORGANOS DE GOBERNO.RETRIBUCIONES BÁSICAS.,31,9,1,311436.74,0,311436.74,322219.78
31,91200,10001,ORGANOS DE GOBERNO.RETRIBUCIÓNS COMPLEMENTARIAS,31,9,1,486743.4,0,486743.4,406164.59
31,91200,11000,ORGANOS GOBERNO.RETRIBUCIONES BÁSICAS.,31,9,1,227825.32,0,227825.32,237587.06
31,91200,11001,ORGANOS DE GOBERNO. RETRIBUCIONES COMPLEMENTARIAS.,31,9,1,335772.6,0,335772.6,316621.67
31,91200,12000,ORGANOS DE GOBERNO.SOLDOS DO GRUPO A1.,31,9,1,34229.42,0,34229.42,33121.86
31,91200,12003,ORGANOS DE GOBERNO. SOLDOS DO GRUPO C1.,31,9,1,11087.92,0,11087.92,10764.24
31,91200,12004,ORGANOS DE GOBERNO. SOLDOS DO GRUPO C2.,31,9,1,28185.86,0,28185.86,24738.18
31,91200,12006,ORGANOS DE GOBERNO. TRIENIOS.,31,9,1,17056.8,0,17056.8,18875.75
31,91200,12100,ORGANOS DE GOBERNO. COMPLEMENTO DE DESTINO.,31,9,1,41661.48,0,41661.48,39960.13
31,91200,12101,ORGANOS DE GOBERNO. COMPLEMENTO ESPECÍFICO.,31,9,1,111995.64,0,111995.64,106893.78
31,91200,16000,ORGANOS DE GOBERNO. SEGURIDADE SOCIAL.,31,9,1,394023.52,0,394023.52,398030.82
31,92000,12000,ADMINISTRACIÓN XERAL. SOLDOS DO GRUPO A1.,31,9,1,197782.86,0,197782.86,190379.43
31,92000,12001,ADMINISTRACIÓN XERAL. SOLDOS DO GRUPO A2.,31,9,1,44437.44,0,44437.44,76548.91
31,92000,12003,ADMINISTRACIÓN XERAL. SOLDOS DO GRUPO C1.,31,9,1,176586.82,0,176586.82,175075.51
31,92000,12004,ADMINISTRACIÓN XERAL. SOLDOS DO GRUPO C2.,31,9,1,185818.26,0,185818.26,200227.44
31,92000,12005,ADMINISTRACIÓN XERAL. SOLDOS DO GRUPO E.,31,9,1,59196.5,0,59196.5,63530.88
31,92000,12006,ADMINISTRACIÓN XERAL. TRIENIOS.,31,9,1,107115.39,0,107115.39,122962.7
31,92000,12009,ADMINISTRACIÓN XERAL. OUTRAS RETRIBUCIONS BÁSICAS.,31,9,1,0,0,0,0
31,92000,12100,ADMINISTRACIÓN XERAL. COMPLEMENTO DE DESTINO.,31,9,1,314496.35,0,314496.35,332148.04
31,92000,12101,ADMINISTRACIÓN XERAL. COMPLEMENTO ESPECÍFICO.,31,9,1,853022.66,0,853022.66,913647.02
31,92000,12103,ADMINISTRACIÓN XERAL OUTROS COMPLEMENTOS,31,9,1,6000,0,6000,0
31,92000,12104,RETRIBUCIONES COMPLEMENTARIAS.ADECUACION POSTOS TRABALLO,31,9,1,46089.2,0,46089.2,0
31,92000,13000,ADMINISTRACIÓN XERAL. RETRIBUCIONS BÁSICAS.,31,9,1,233178.45,0,233178.45,227463.39
31,92000,13001,HORAS EXTRAORDINARIAS,31,9,1,0,0,0,3481.97
31,92000,13002,ADMINISTRACIÓN XERAL. RETRIBUCIONS COMPLEMENTARIAS,31,9,1,228507.05,0,228507.05,219910.86
31,92000,13003,LABORAL FIXO. OUTRAS REMUNERACIÓNS VARIABLES,31,9,1,5000,0,5000,0
31,92000,13100,ADMINISTRACIÓN XERAL. RETRIBUCIÓNS PERSOAL LABORAL TEMPORAL,31,9,1,119752.18,0,119752.18,152951.94
31,92000,13101,RETRIBUCIÓNS PERSOAL LABORAL TEMPORAL. OUTROS,31,9,1,250000,-247000,3000,367.26
31,92000,13102,ADMINISTRACIÓN XERAL.RET.COMPLEMEN.LABORAL TEMPORAL,31,9,1,158615.02,0,158615.02,190902.5
31,92000,15000,COMPLEMENTO PRODUCTIVIDADE FUNCIONARIOS,31,9,1,225360,0,225360,204000.42
31,92000,15100,GRATIFICACIONS FUNCIONARIOS,31,9,1,597249.2,0,597249.2,31313.31
31,92000,16000,ADMINISTRACIÓN XERAL. SEGURIDADE SOCIAL.,31,9,1,758295.53,0,758295.53,898992.88
31,92000,16108,OUTRAS PRESTACIÓNS SOCIAIS,31,9,1,300000,0,300000,425537.78
31,92000,16200,FORMACIÓN E PERFECCIONAMIENTO DEL PERSONAL.,31,9,1,62000,0,62000,28271.96
31,92000,16202,TRANSPORTE DE PERSONAL.,31,9,1,0,0,0,4660.84
31,92000,16400,COMPLEMENTO FAMILIAR DE PERSOAL FUNCIONARIO,31,9,1,2400,0,2400,4580
31,92000,20200,ADMINISTRACIÓN XERAL. ARRENDAM. EDIFICIOS E OUTRAS CONSTR.,31,9,2,115152.27,0,115152.27,113450.52
31,92000,20400,ADMINISTRACIÓN XERAL. ARRENDAMENTO MATERIAL DE TRANSPORTE,31,9,2,45897.72,0,45897.72,39212.06
31,92000,21200,ADMINISTRACIÓN XERAL.REPARAC. MANTEM. EDIFICIOS E O.CONSTRUC,31,9,2,87000,0,87000,54918.54
31,92000,21300,"ADMON.  XERALREPARAC. MANTEM, MAQUIN.,INSTA E UTILLA.",31,9,2,12000,0,12000,5758.24
31,92000,21400,ADMÓN. XERAL. REPARAC. MANTEM. MATERIAL TRANSPORTE,31,9,2,100000,0,100000,78220.45
31,92000,21600,ADMON. XERAL. REPARA. MANTEN. EQUIPOS PROCESOS INFORM.,31,9,2,0,0,0,5252.06
31,92000,22000,ADMINISTRACIÓN XERAL. ORDINARIO NON INVENTARIABLE.,31,9,2,98000,0,98000,44460.65
31,92000,22001,"ADMON.XERAL. PRENSA, REVISTAS, LIBROS E OUTRAS PUBLICACIONS",31,9,2,7957.52,0,7957.52,4563.38
31,92000,22103,ADMINISTRACIÓN XERAL. COMBUSTIBLES E CARBURANTES.,31,9,2,120000,0,120000,148558.7
31,92000,22104,ADMINISTRACIÓN XERAL. VESTIARIO.,31,9,2,17800,0,17800,0
31,92000,22110,ADMINISTRACIÓN XERAL. PRODUCTOS DE LIMPEZA E ASEO.,31,9,2,500,0,500,0
31,92000,22199,ADMINISTRACION XERAL. OUTROS SUMINISTROS.,31,9,2,0,0,0,6217.43
31,92000,22201,ADMINISTRACIÓN XERAL. POSTAIS.,31,9,2,200000,59586.08,259586.08,282979.24
31,92000,22400,ADMINISTRACIÓN XERAL. PRIMAS DE SEGUROS,31,9,2,29000,0,29000,0
31,92000,22401,ADMÒN. XERAL. PRIMAS DE SEGUROS. PARQUE MÓBIL,31,9,2,36000,0,36000,34381.73
31,92000,22402,ADMINISTRACIÓN XERAL.PRIMAS DE SEGUROS.SRC PATRIMONIAL,31,9,2,80000,0,80000,70816.76
31,92000,22403,ADMÓN XERAL.PRIMAS DE SEGUROS.SEG.ACCIDENTES EMPREGADOS PUBL,31,9,2,15000,0,15000,10767.59
31,92000,22500,ADMINISTRACIÓN XERAL.TRIBUTOS ESTATALES.,31,9,2,0,0,0,1167.92
31,92000,22602,ADMINISTRACIÓN XERAL. PUBLICIDADE E PROPAGANDA.,31,9,2,3000,0,3000,262
31,92000,22603,ADMINISTRACIÓN XERAL. PUBLICACIÓN EN DIARIOS OFICIALES.,31,9,2,20000,0,20000,9528.19
31,92000,22604,"ADMINISTRACIÓN XERAL. XURÍDICOS, CONTENCIOSOS.",31,9,2,192542.37,56158.65,248701.02,277954.02
31,92000,22699,ADMINISTRACIÓN XERAL. OUTROS GASTOS DIVERSOS,31,9,2,32200,10156.12,42356.12,83239.4
31,92000,22700,ADMINISTRACIÓN XERAL. LIMPEZA E ASEO.,31,9,2,623717.44,2068.95,625786.39,606848.28
31,92000,22701,ADMINISTRACIÓN XERAL. SEGURIDADE.,31,9,2,2000,0,2000,3305.45
31,92000,22705,ADMINISTRACIÓN XERAL. PROCESOS ELECTORAIS.,31,9,2,1500,0,1500,0
31,92000,22706,ADMINISTRACIÓN XERAL. ESTUDOS E TRABALLOS TÉCNICOS.,31,9,2,106519.35,0,106519.35,63232.69
31,92000,22799,ADMON.XERAL.OUTROS TRABALLOS REALIZADOS POR OUTRAS EMPRESAS,31,9,2,28862,0,28862,28435
31,92000,23020,ADMINISTRACIÓN XERAL. AXUDAS CUSTE DO PERSOAL NON DIRECTIVO,31,9,2,5000,0,5000,3310.89
31,92000,23120,ADMINISTRACIÓN XERAL. LOCOMOCIÓN DO PERSOAL NON DIRECTIVO.,31,9,2,2700,0,2700,4559.84
31,92000,23300,ADMINISTRACIÓN XERAL.OUTRAS INDEMNIZACIÓNS,31,9,2,13000,0,13000,0
31,92000,62300,"ADMINISTRACIÓN XERAL MAQUINARIA, INSTALACIONS E UTILLAXE",31,9,6,0,0,0,3595.11
31,92000,62400,ADMINISTRACIÓN XERAL .MATERIAL DE TRANSPORTE,31,9,6,30000,-4146,25854,18950
31,92000,62500,MOBILIARIO,31,9,6,0,0,0,2904
31,92000,83000,ADMINISTRACIÓN XERAL. ANTICIPOS DE PAGAS O PERSOAL,31,9,8,80000,0,80000,71352.34
31,92001,12000,INFORMATICA E REFORMA ADMTVA.SOLDOS DO GRUPO A1.,31,9,1,16657.84,0,16657.84,16342.12
31,92001,12001,INFORMATICA E REFORMA ADMTVA. SOLDOS DO GRUPO A2.,31,9,1,28719.7,0,28719.7,28375.28
31,92001,12003,INFORMATICA E REFORMA ADMTVA. SOLDOS DO GRUPO C1.,31,9,1,55188.9,0,55188.9,49163.31
31,92001,12006,INFORMATICA E REFORMA ADMTVA. TRIENIOS.,31,9,1,14312.88,0,14312.88,16085.12
31,92001,12100,INFORMATICA E REFORMA ADMTVA. COMPLEMENTO DE DESTINO.,31,9,1,52585.92,0,52585.92,50024.55
31,92001,12101,INFORMATICA E REFORMA ADMTVA. COMPLEMENTO ESPECÍFICO.,31,9,1,145120.68,0,145120.68,138920.29
31,92001,16000,INFORMATICA E REFORMA ADMTVA. SEGURIDADE SOCIAL.,31,9,1,76648.08,0,76648.08,78897.81
31,92002,13100,PRESIDENCIA.RETRIBUCIÓNS PERSOAL LABORAL TEMPORAL,31,9,1,17512.9,0,17512.9,18996.1
31,92002,13101,RETRIBUCIÓNS PERSOAL LABORAL TEMPORAL. OUTROS,31,9,1,0,0,0,0
31,92002,13102,PRESIDENCIA.RETRIBUCIONS COMPLEMENTARIAS.P.LABORAL TEMPORAL,31,9,1,27395.88,0,27395.88,25912.68
31,92002,16000,PRESIDENCIA. SEGURIDADE SOCIAL.,31,9,1,13195.8,0,13195.8,12700.93
31,92500,12000,PRESTACIÓNS SOCIAIS. SOLDOS DEL GRUPO A1.,31,9,1,16211.5,0,16211.5,15843.16
31,92500,12003,PRESTACIÓNS SOCIAIS. SOLDOS DO GRUPO C1.,31,9,1,22277.86,0,22277.86,20267.69
31,92500,12004,PRESTACIÓNS SOCIAIS. SOLDOS DO GRUPO C2.,31,9,1,56084.36,0,56084.36,44960.1
31,92500,12006,PRESTACIÓNS SOCIAIS. TRIENIOS.,31,9,1,19548.72,0,19548.72,22380.11
31,92500,12100,PRESTACIÓNS SOCIAIS. COMPLEMENTO DE DESTINO.,31,9,1,41664.84,0,41664.84,37110.34
31,92500,12101,PRESTACIÓNS SOCIAIS. COMPLEMENTO ESPECÍFICO.,31,9,1,108714.9,0,108714.9,97317.42
31,92500,16000,PRESTACIÓNS SOCIAIS. SEGURIDADE SOCIAL.,31,9,1,78622.92,0,78622.92,77021.95
31,93100,12000,POLITICA ECONÓMICA E FISCAL. SOLDOS DO GRUPO A1.,31,9,1,101042.14,0,101042.14,98616.11
31,93100,12001,POLITICA ECONÓMICA E FISCAL. SOLDOS DO GRUPO A2.,31,9,1,99743,0,99743,92170.7
31,93100,12003,POLITICA ECONÓMICA E FISCAL. SOLDOS DO GRUPO C1.,31,9,1,132060.98,-17000,115060.98,105865.58
31,93100,12004,POLITICA ECONOMICA E FISCAL. SOLDOS DO GRUPO C2,31,9,1,82847.64,0,82847.64,54730.39
31,93100,12006,POLITICA ECONÓMICA E FISCAL. TRIENIOS.,31,9,1,62262.24,0,62262.24,70243.55
31,93100,12009,POLITICA ECONOMICA E FISCAL. OUTRAS RETRIBUCIONS BÁSICAS.,31,9,1,0,0,0,0
31,93100,12100,POLITICA ECONÓMICA E FISCAL. COMPLEMENTO DE DESTINO.,31,9,1,210278.76,-16000,194278.76,185307.94
31,93100,12101,POLITICA ECONÓMICA E FISCAL. COMPLEMENTO ESPECÍFICO.,31,9,1,571195.44,-63000,508195.44,508487
31,93100,13000,POLITICA ECONÓMICA E FISCAL. RETRIBUCIONS BÁSICAS.,31,9,1,145389.62,0,145389.62,141039.49
31,93100,13002,POLITICA ECONÓMICA E FISCAL. RETRIBUCIONS COMPLEMENTARIAS,31,9,1,149091.84,0,149091.84,144107.63
31,93100,13100,POLITICA FISCAL Y ECONOMICA.RETRIBUCIÓNS LABORAL TEMPORAL,31,9,1,7993.78,0,7993.78,7812.06
31,93100,13102,POLITICA ECONOMICA FISCAL.RET.COMPLEMT.LABORAL TEMPORAL,31,9,1,8986.92,0,8986.92,9168.6
31,93100,16000,POLITICA ECONOMICA E FISCAL. SEGURIDADE SOCIAL.,31,9,1,403889.64,-9000,394889.64,393958.4
31,93100,16400,COMPLEMENTO FAMILIAR DE PERSOAL FUNCIONARIO,31,9,1,0,0,0,2400
31,93300,63200,INV. REPOSICION EDIFICIOS E CONSTRUCC.,31,9,6,0,24000,24000,1587.87
40,33000,41000,TRANSFERENCIAS Ó AUDITORIO DE GALICIA,40,3,4,653073.98,0,653073.98,653073.98
40,33300,48902,MUSEOS E ARTES PLASTICAS. OUTRAS SUBVENCIONS,40,3,4,126000,0,126000,126000
40,33400,22699,OTROS GASTOS DIVERSOS,40,3,2,0,0,0,1083.25
40,33400,23020,PROMOCIÓN CULTURAL.AXUDAS DE CUSTE.PERSOAL NON DIRECTIVO.,40,3,2,0,0,0,288.07
40,33400,23120,PROMOCIÓN CULTURAL. LOCOMOCIÓN.PERSOAL NON DIRECTIVO.,40,3,2,0,0,0,115.14
40,33400,41000,PROMOCIÓN CULTURAL. TRANSFERENCIAS Ó AUDITORIO DE GALICIA,40,3,4,215050.77,0,215050.77,215050.77
40,33400,47900,PROM.CULTURAL. TRANSFERENCIAS CORRENTES A EMPRESAS PRIVADAS,40,3,4,9000,0,9000,9000
40,33400,48900,PROMOCIÓN CULTURAL. OUTRAS TRANSFERENCIAS,40,3,4,87870,0,87870,81739.25
40,33401,21300,"BANDA DE MUSICA. REPARAC. MANTEM, MAQUIN.,INSTA E UTILLA.",40,3,2,2000,0,2000,1456.5
40,33401,21600,BANDA DE MUSICA. REPARA. MANTEN. EQUIPOS PROCESOS INFORM.,40,3,2,2000,0,2000,1184.48
40,33401,22000,BANDA DE MUSICA. ORDINARIO NO INVENTARIABLE.,40,3,2,1000,0,1000,1297.5
40,33401,22104,BANDA DE MUSICA. VESTIARIO.,40,3,2,10000,0,10000,13057.9
40,33401,22699,BANDA DE MUSICA. OUTROS GASTOS DIVERSOS,40,3,2,10000,2242.13,12242.13,11494.69
40,33401,22706,BANDA DE MUSICA. ESTUDIOS E TRABALLOS TÉCNICOS.,40,3,2,5000,0,5000,0
40,33401,62300,"BANDA DE MUSICA. MAQUINARIA, INSTALACIONS E UTILLAXE",40,3,6,10000,0,10000,7739
40,33401,62600,BANDA DE MUSICA. EQUIPOS PARA PROCESOS DE INFORMACION,40,3,6,0,0,0,2178
40,33500,41000,CULTURA. TRANSFERENCIAS Ó AUDITORIO DE GALICIA,40,3,4,200909.01,0,200909.01,200909.01
50,15100,21000,URBANISMO.REPARAC.MANTEM.CONSERVAC.INFRAESTR.,50,1,2,350000,-101859.4,248140.6,164561.31
50,15100,21211,URBANISMO. EDIFICIOS E OUTRAS CONSTRUCCIONS.,50,1,2,11495,0,11495,4249.73
50,15100,21600,URBANISMO.REPARA. MANTEN. EQUIPOS PROCESOS INFORM.,50,1,2,15000,0,15000,30600.33
50,15100,22000,ORDINARIO NO INVENTARIABLE.,50,1,2,0,0,0,660.34
50,15100,22002,URBANISMO. MATERIAL INFORMÁTICO NON INVENTARIABLE.,50,1,2,6000,-446.71,5553.29,5293.39
50,15100,22104,URBANISMO. VESTIARIO.,50,1,2,2000,0,2000,1112.12
50,15100,22411,URBANISMO. PRIMAS DE SEGUROS.,50,1,2,374,0,374,0
50,15100,22500,TRIBUTOS ESTATALES.,50,1,2,0,0,0,945.81
50,15100,22502,URBANISMO. TRIBUTOS DAS ENTIDADES LOCAIS.,50,1,2,0,0,0,0
50,15100,22602,URBANISMO. PUBLICIDADE E PROPAGANDA.,50,1,2,3000,0,3000,3756.14
50,15100,22604,"URBANISMO. XURÍDICOS, CONTENCIOSOS.",50,1,2,30657,-25000,5657,5364.37
50,15100,22606,"URBANISMO. REUNIONS, CONFERENCIAS E CURSOS.",50,1,2,2500,0,2500,457.76
50,15100,22699,URBANISMO. OUTROS GASTOS DIVERSOS,50,1,2,119000,3335.32,122335.32,26962.87
50,15100,22706,URBANISMO. ESTUDOS E TRABALLOS TÉCNICOS.,50,1,2,415150,-35593.12,379556.88,212240.22
50,15100,22708,URBANISMO.SERVIZOS DE RECADACIÓN A FAVOR DA ENTIDADE,50,1,2,28616,0,28616,2025.94
50,15100,23120,URBANISMO. LOCOMOCIÓN. DO PERSOAL NON DIRECTIVO.,50,1,2,0,0,0,741.24
50,15100,35200,URBANISMO. XUROS DE MORA,50,1,3,82621.15,0,82621.15,66960.98
50,15100,60000,URBANISMO.EXPROPIACION TERREOS,50,1,6,269669.4,596934.64,866604.04,103081.74
50,15100,60900,URBANISMO. OBRAS DE INVESTIMENTOS,50,1,6,613495.48,7695727.31,8309222.79,189548.84
50,15100,60901,URBANISMO. EQUIPAMENTOS URBANS,50,1,6,1050000,890415.49,1940415.49,214021.09
50,15100,60902,URBOTRAS INVERS NUEVAS EN INFRAEST Y BIENES DEST AL USO GRAL,50,1,6,1491662.45,1712340.99,3204003.44,409450.82
50,15100,61900,URBANISMO. OUTRAS INVERSIONS,50,1,6,2000000,1618651.64,3618651.64,780257.16
50,15100,61901,URBANISMO. OUTRAS INVERSSIONS,50,1,6,0,47416.67,47416.67,51519.86
50,15100,62200,EDIFICIOS E OUTRAS CONSTRUCCIONS,50,1,6,0,0,0,0
50,15100,63200,INV. REPOSICION EDIFICIOS E CONSTRUCC.,50,1,6,0,0,0,0
50,15100,64001,URBANISMO. OUTRAS INVERSIONS EN PROXECTOS,50,1,6,132000,246598.56,378598.56,0
50,15100,68100,URBANISMO. GASTOS EN INVERSIONS DE BENS PATRIMONIAIS,50,1,6,512862.69,0,512862.69,0
50,15100,72300,URBANISMO.TRANSF.ENTIDADE PUBLICA EMPRESARIAL RED.ES,50,1,7,5000,0,5000,5000
50,15100,75000,TRANSFERENCIAS A COMUNIDADE AUTONOMA,50,1,7,0,52621.26,52621.26,0
50,15200,22699,VIVENDA.OUTROS GASTOS DIVERSOS.,50,1,2,6000,0,6000,23714.07
50,15200,78000,VIVENDA. TRANSF. DE CAPITAL A FAMILIAS E I.S.F.L.,50,1,7,313454.48,468753.35,782207.83,748003.24
50,15500,61900,INFRAESTRUCTURAS. OUTRAS INVERSIONS,50,1,6,210000,1457631.09,1667631.09,709314.28
50,16100,61900,OUTRAS INVERSIONS,50,1,6,0,100000,100000,62031.9
50,16100,62700,PROXECTOS INVESTIMENTO,50,1,6,0,73786.86,73786.86,7415.33
50,16100,72300,"A SOCI MERC ESTAT, ENTID PÚBL EMPR Y OTROS ORGAN PÚBLICOS",50,1,7,200000,-52621.26,147378.74,0
50,16100,75000,SANEAMENTO ABAST.AUGA. TRANSFERENCIAS A COMUNIDADE AUTONOMA,50,1,7,0,19887.67,19887.67,0
50,16400,22700,CEMITERIO LIMPEZA E ASEO.,50,1,2,143129.93,0,143129.93,141327.96
50,16500,60900,OBRAS DE INVERSIONS,50,1,6,0,9000,9000,8725.5
50,16500,61900,OUTRAS INVERSIONS,50,1,6,0,140000,140000,27280.54
50,16500,62301,"ALUMEADO INVERSIÓN NOVA MAQUINARIA, INSTALACIÓNS E UTILLAXE",50,1,6,49000,0,49000,0
50,17100,21000,PARQUES E XARDINS. REPARAC. MANTEM. E CONSERVAC. INFRAESTR.,50,1,2,100000,0,100000,40687.69
50,17100,21600,PARQUES E XARDINS. REPARA. MANTEN. EQUIPOS PROCESOS INFORM.,50,1,2,500,0,500,732.79
50,17100,22104,PARQUES E XARDINS. VESTIARIO,50,1,2,5200,0,5200,5200
50,17100,22199,PARQUES E XARDINS. OUTROS SUMINISTROS.,50,1,2,20000,-1000,19000,21719.07
50,17100,22602,PARQUES E XARDINS. PUBLICIDADE E PROPAGANDA.,50,1,2,4091,0,4091,3980
50,17100,22699,PARQUES E XARDINS. OUTROS GASTOS DIVERSOS,50,1,2,500,0,500,14727.99
50,17100,22700,PARQUES E XARDINS. LIMPEZA E ASEO.,50,1,2,850,0,850,70.74
50,17100,22701,PARQUES E XARDINS. SEGURIDADE.,50,1,2,190,0,190,185.74
50,17100,22706,PARQUES E XARDINS. ESTUDOS E TRABALLOS TÉCNICOS.,50,1,2,27081.5,-653.16,26428.34,18067.64
50,17100,22799,PARQUES E XARDINS.OUTROS TRAB.POR OUTRAS EMPRESAS,50,1,2,3613472.39,0,3613472.39,3497739.89
50,17100,23020,PARQUES E XARDINS. AXUDAS DE CUSTE.DO PERSOAL NON DIRECTIVO.,50,1,2,2618.5,0,2618.5,4464.8
50,17100,23120,PARQUES E XARDINS. LOCOMOCIÓN. DO PERSOAL NON DIRECTIVO.,50,1,2,2618.5,0,2618.5,2146.86
50,17100,60900,PARQUES E XARDINS. OBRAS DE INVERSIONS,50,1,6,50000,209044.05,259044.05,97879.82
50,17100,60902,OTRAS INVERS NUEVAS EN INFRAEST Y BIENES DEST AL USO GRAL,50,1,6,0,49970.27,49970.27,0
50,17100,61900,PARQUES E XARDINS. OUTRAS INVERSIONS,50,1,6,20000,87760.93,107760.93,107760.93
50,17100,62500,PARQUES E XARDINS.MOBILIARIO,50,1,6,55000,0,55000,25423.07
50,17100,63200,DESENVOLVEMENTO URBANO E SOSTIBLE. PARQUES E XARDINS,50,1,6,0,24321.46,24321.46,4440.41
50,17200,21200,MEDIO AMBIENTE.REPARAC. MANTEM. EDIFICIOS E O.CONSTRUC,50,1,2,20000,-17000,3000,2361.24
50,17200,21300,"MEDIO AMBIENTE.REPARAC. MANTEM, MAQUIN.,INSTA E UTILLA.",50,1,2,5000,0,5000,0
50,17200,21600,MEDIO AMBIENTE.REPARA. MANTEN. EQUIPOS PROCESOS INFORM.,50,1,2,1500,0,1500,810.11
50,17200,22000,MEDIO AMBIENTE. MATERIAL ORDINARIO NO INVENTARIABLE.,50,1,2,1000,0,1000,0
50,17200,22001,"MEDIO AMBIENTE PRENSA, REVISTAS, LIBROS  OTRAS PUBLICACIONS",50,1,2,1410,0,1410,0
50,17200,22104,MEDIO AMBIENTE.VESTIARIO,50,1,2,1500,0,1500,0
50,17200,22701,MEDIO AMBIENTE. SEGURIDADE.,50,1,2,934.23,0,934.23,704.23
50,17200,22706,MEDIO AMBIENTE. ESTUDOS E TRABALLOS TÉCNICOS.,50,1,2,20000,-14000,6000,5033.6
50,17200,22799,MEDIO AMBIENTE.OUTROS TRABALLOS REALIZADOS OUTRAS EMPRESAS,50,1,2,26173,0,26173,26085.36
50,17200,60900,MEDIO AMBIENTE.OBRAS INVESTIMENTOS.VIA VERDE BONAVAL-ALMACIG,50,1,6,0,234193.25,234193.25,173283.71
50,23102,62200,ACCIÓN SOCIAL. EDIFICIOS E OUTRAS CONSTRUCCIONS,50,2,6,16550,960021.28,976571.28,274655.58
50,31300,22699,SANIDADE. OUTROS GASTOS DIVERSOS,50,3,2,13274.4,-487,12787.4,13600.6
50,31300,22700,SANIDADE. LIMPEZA E ASEO.,50,3,2,66548.76,2092.4,68641.16,68255.6
50,31300,48900,SANIDADE. OUTRAS TRANSFERENCIAS,50,3,4,180000,0,180000,180000
50,31300,62200,SANIDADE. EDIFICIOS E OUTRAS CONSTRUCCIONS,50,3,6,49614.22,0,49614.22,46270.1
50,33201,63200,DESENVOLVEMENTO URBANO E SOSTIBLE. ARQUIVOS,50,3,6,0,15155.34,15155.34,15155.34
50,33400,63200,INV. REPOSICION EDIFICIOS E CONSTRUCC.,50,3,6,0,31933.01,31933.01,0
50,33403,62200,CENTROS SOCIO CULTURAIS.EDIFICIOS E OUTRAS CONSTRUCCIONS,50,3,6,0,7602.77,7602.77,0
50,33601,21000,CASCO HISTORICO. REPARAC. MANTEM. E CONSERVAC. INFRAESTR.,50,3,2,200000,0,200000,162934.65
50,33601,22699,CASCO H ISTORICO. OUTROS GASTOS DIVERSOS,50,3,2,35700,-7956.9,27743.1,21587.48
50,33601,22706,CASCO HISTORICO. ESTUDOS E TRABALLOS TÉCNICOS.,50,3,2,30000,0,30000,21659
50,33601,23020,CASCO HISTORICO.AXUDAS DE CUSTE.DO PERSOAL NON DIRECTIVO.,50,3,2,9430,-1286.58,8143.42,2358.29
50,33601,23120,CASCO HISTORICO. LOCOMOCIÓN. DO PERSOAL NON DIRECTIVO.,50,3,2,9430,-4673.3,4756.7,3251.57
50,33601,35900,PROT.PATRI. E CASCO HISTOR.OUTROS GASTOS FINANCEIROS,50,3,3,0,45.96,45.96,0
50,33601,60900,CASCO HISTORICO. OBRAS DE INVERSIONS,50,3,6,250000,302.5,250302.5,29294.1
50,33601,61900,CASCO HISTORICO. OUTRAS INVERSIONS,50,3,6,100000,-47545.82,52454.18,7155.38
50,33601,62500,CASCO HISTORICO. MOBILIARIO,50,3,6,100000,-43627.98,56372.02,56372.02
50,33601,78000,CASCO H ISTORICO. TRANSF. DE CAPITAL A FAMILIAS E I.S.F.L.,50,3,7,172140.3,302373.69,474513.99,229565.51
50,34200,62300,"MAQUINARIA, INSTALACIONS E UTILLAXE",50,3,6,0,1215.74,1215.74,237
50,43200,63200,DESENVOLVMENTO URBANO E SOSTIBLE. TURISMO,50,4,6,0,13455.8,13455.8,13266.2
50,44200,60900,OBRAS DE INVERSIONS,50,4,6,0,20000,20000,0
50,45000,61900,INFRAESTRUCTURAS.REURBANIZACIÓN RUA CARAMONIÑA.URBAN,50,4,6,0,441291.35,441291.35,246621.98
50,45400,21000,CAMIÑOS VECIÑAIS. REPARAC. MANTEM. E CONSERVAC. INFRAESTR.,50,4,2,250000,7550,257550,252155.72
50,45400,21200,CAMIÑOS VECIÑAIS.REPARAC. MANTEM. EDIFICIOS E O.CONSTRUC,50,4,2,60000,-50000,10000,7356.88
50,45400,22706,CAMIÑOS VECIÑAIS. ESTUDOS E TRABALLOS TÉCNICOS.,50,4,2,30000,-4882.54,25117.46,16148.75
50,45400,61900,CAMIÑOS VECIÑAIS.OUTRAS INVERSIONS,50,4,6,600000,1097151.07,1697151.07,1086431.04
50,45400,62500,CAMIÑOS VECIÑAIS. MOBILIARIO,50,4,6,30000,40000,70000,33982.85
50,45400,63100,CAMIÑOS VECIÑAIS.REPARACIÓN E MANTEMENTO CAMIÑOS RURAIS,50,4,6,80116.52,0,80116.52,80116.52
50,45900,60900,OUTRAS INFRAESTRUCTURAS. OBRAS DE INVERSIONS,50,4,6,160149.52,692143.48,852293,239299.69
50,92402,62200,EDIFICIOS E OUTRAS CONSTRUCCIONS,50,9,6,0,77982.1,77982.1,11819.3
50,93300,63200,INV. REPOSICION EDIFICIOS E CONSTRUCC.,50,9,6,0,50000,50000,49394.68
50,93301,68100,XESTION PATRIMONIO.GASTOS INVESTIMENTOS BENS PATRIMONIAIS.TE,50,9,6,0,271305.23,271305.23,0
50,93400,35901,OUTROS GASTOS FINANCEIROS,50,9,3,0,12410.16,12410.16,0
51,15500,21000,VAS PUBLICAS. REPARAC. MANTEM. E CONSERVAC. INFRAESTR.,51,1,2,180000,0,180000,156412.73
51,15500,21300,"INFRAESTRUCTURAS. REPARAC. MANTEM, MAQUIN.,INSTA E UTILLA.",51,1,2,0,0,0,7450.58
51,15500,21600,INFRAESTRUCTURAS. REPARA. MANTEN. EQUIPOS PROCESOS INFORM.,51,1,2,0,0,0,155.14
51,15500,22000,VIAS PÚBLICAS. ORDINARIO NO INVENTARIABLE.,51,1,2,1000,0,1000,0
51,15500,22104,VIAS PUBLICAS. VESTIARIO.,51,1,2,5000,0,5000,5635.3
51,15500,22199,INFRAESTRUCTURAS. OUTROS SUMINISTROS,51,1,2,200000,-150000,50000,18185.26
51,15500,22699,INFRAESTRUCTURAS. OUTROS GASTOS DIVERSOS,51,1,2,800,0,800,568.7
51,15500,22706,INFRAESTRUCTURAS.. ESTUDOS E TRABALLOS TÉCNICOS.,51,1,2,10000,0,10000,6192.36
51,15500,60900,VIAS PÚBLICAS. OBRAS DE INVERSIONS,51,1,6,370000,56111,426111,385974.55
51,15500,61900,OUTRAS INVERSIONS,51,1,6,0,0,0,0
51,16100,22501,SANEAMENTO E ABAST.AUGA. TRIBUTOS DAS COMUNIDADES AUTÓNOMA,51,1,2,24750,0,24750,9504.38
51,16100,61900,SANEAMENTO E ABASTECEMENTO AUGA. OUTRAS INVERSIONS,51,1,6,100000,0,100000,8900
51,16200,22700,LIMPEZA VIARIA E LIXO. TRABALLOS OUTRAS EMPRESAS,51,1,2,6790416.14,89829.54,6880245.68,6845189.91
51,16300,22700,LIMPEZA VIARIA E LIXO. TRABALLOS OUTRAS EMPRESAS,51,1,2,4687718.52,0,4687718.52,4755978.61
51,16500,22100,ALUMEADO PUBLICO. ENERXIA ELECRICA.,51,1,2,1949542.59,247353.13,2196895.72,2188396.24
51,16500,22706,ALUMEADO PUBLICO.ASISTENCIAS TÉCNICAS,51,1,2,0,0,0,0
51,16500,22709,ALUMEADO PUBLICO. CONSERVACION E MANTEMENTO,51,1,2,832972.8,0,832972.8,814808.06
51,16500,61900,ALUMEADO PUBLICO. OUTRAS INVERSIONS,51,1,6,100000,69445.26,169445.26,143216.45
51,16500,62300,"ALUMEADO PÚBLICO. MAQUINARIA, INSTALACIONS E UTILLAXE",51,1,6,150000,329.12,150329.12,53576.1
51,32100,22100,CENTROS EDUCACION INFANTIL Y PRIMARIA. ENERXIA ELECTRICA.,51,3,2,108000,59544.29,167544.29,213370.93
51,32101,22100,ESCOLAS INFANTIS XESTION MUNICIPAL.ENERXÍA ELÉCTRICA.,51,3,2,7600,0,7600,3016.16
51,32102,22100,ESCOLAS INFANTIS CONVENIO CONSORCIO. ENERXÍA ELÉCTRICA.,51,3,2,48000,-15547.45,32452.55,3422.15
51,32300,22100,PROMOCIÓN EDUCATIVA. ENERXÍA ELÉCTRICA.,51,3,2,4400,0,4400,1615.48
51,34200,22100,DEPORTES. ENERXÍA ELECTRICA.,51,3,2,288000,81819.94,369819.94,360392.06
51,92000,22100,ADMINISTRACIÓN XERAL.ENERXÍA ELÉCTRICA,51,9,2,292000,103258.38,395258.38,393893.28
60,13200,20400,SEGURIDADE E ORD.PUBLICO.ARRENDAMENTO MATERIAL DE TRANSPORTE,60,1,2,68454.84,0,68454.84,4920.66
60,13200,21300,"SEGURIDADE E ORD.PUB.REPARAC.MANTEM, MAQUIN.,INSTA E UTILLA.",60,1,2,30000,0,30000,22782.06
60,13200,21600,SEGURIDADE E O.PUBLICO. REPAR.MANTEN.EQUIPOS PROCESOS INFORM,60,1,2,2894.33,0,2894.33,3023.66
60,13200,22000,SEGURIDADE E ORDE PUBLICO. ORDINARIO NO INVENTARIABLE.,60,1,2,2500,0,2500,2231.21
60,13200,22104,SEGURIDADE E ORDE PUBLICO. VESTIARIO.,60,1,2,70000,0,70000,82909.27
60,13200,22199,SEGURIDADE E ORDE PUBLICO. OUTROS SUBMINISTROS.,60,1,2,22000,0,22000,16324.88
60,13200,22699,SEGURIDADE E ORDE PUBLICO. OUTROS GASTOS DIVERSOS,60,1,2,14000,0,14000,1662.48
60,13200,22799,SEGURIDADE E O.PUBLICO. TRABALLOS REALIZADOS OUTRAS EMPRESAS,60,1,2,3500,0,3500,1535.11
60,13200,23020,SEGURIDADE E O.PUBLICOAXUDAS DE CUSTE.PERSOAL NON DIRECTIVO.,60,1,2,0,0,0,656.33
60,13200,23120,SEGURIDADE E O.PUBLICO.LOCOMOCIÓN.PERSOAL NON DIRECTIVO.,60,1,2,0,0,0,1143.46
60,13200,62600,SEGURIDADE E ORDE PÚBLICA. EQUIP PROCESOS DE INFORMACION,60,1,6,0,0,0,21778.79
60,13300,21000,TRAFICO.REPARAC. MANTEM. E CONSERVAC. INFRAESTR.,60,1,2,110000,0,110000,93835
60,13300,21600,TRAFICO. REPARA. MANTEN. EQUIPOS PROCESOS INFORM.,60,1,2,0,0,0,1647.66
60,13300,22000,TRAFICO. ORDINARIO NO INVENTARIABLE.,60,1,2,1500,0,1500,298.08
60,13300,22104,TRAFICO. VESTIARIO.,60,1,2,953.22,0,953.22,762.57
60,13300,22106,TRAFICO. PRODUCTOS FARMACÉUTICOS E MATERIAL SANITARIO.,60,1,2,250,0,250,0
60,13300,22199,TRAFICO. OUTROS SUBMINISTROS.,60,1,2,25915.31,0,25915.31,20262.87
60,13300,22699,TRAFICO. OUTROS GASTOS DIVERSOS,60,1,2,2000,0,2000,2872.05
60,13300,22701,TRAFICO. SEGURIDADE,60,1,2,1115519.9,-255924.6,859595.3,747501.77
60,13300,22706,TRAFICO. ESTUDOS E TRABALLOS TÉCNICOS.,60,1,2,0,0,0,18621.5
60,13300,60900,TRAFICO. OBRAS DE INVERSIONS,60,1,6,100000,0,100000,15699.97
60,13300,62300,"MAQUINARIA, INSTALACIONS E UTILLAXE",60,1,6,0,356700,356700,224577.15
60,13300,62600,TRAFICO. EQUIPOS PARA PROCESOS DE INFORMACION,60,1,6,11000,0,11000,10916.79
60,13400,20400,PROTECCION CIVIL. ARRENDAMENTO MATERIAL DE TRANSPORTE,60,1,2,13053.48,-8568.34,4485.14,3517.14
60,13400,21200,PROTECCION CIVIL.REPARAC. MANTEM. EDIFICIOS E O.CONSTRUC,60,1,2,0,0,0,0
60,13400,22102,PROTECCION CIVIL. GAS.,60,1,2,2100,0,2100,2024.73
60,13400,22104,PROTECCIÓN CIVIL. VESTIARIO.,60,1,2,3100,0,3100,12120.27
60,13400,22105,PROTECCION CIVIL. PRODUCTOS ALIMENTICIOS.,60,1,2,0,0,0,3653.97
60,13400,22400,PROTECCIÓN CIVIL. PRIMAS DE SEGUROS,60,1,2,2300,0,2300,1681.49
60,13400,22601,PROTECCIÓN CIVIL. ATENCIONS PROTOCOLARIAS E REPRESENTATIVAS,60,1,2,0,0,0,0
60,13400,22606,"PROTECCIÓN CIVIL.REUNIONS, CONFERENCIAS E CURSOS.",60,1,2,2000,0,2000,2257.37
60,13400,22699,PROTECCION CIVIL. OUTROS GASTOS DIVERSOS,60,1,2,0,0,0,675
60,13400,22701,PROTECCIÓN CIVIL. SEGURIDADE,60,1,2,450,-450,0,0
60,13400,48900,PROTECCIÓN CIVIL. OUTRAS TRANSFERENCIAS,60,1,4,6000,0,6000,2797.7
60,13400,62300,"PROTECCIÓN CIVIL. MAQUINARIA, INSTALACIONS E UTILLAXE",60,1,6,8000,0,8000,16184.98
60,13400,62400,PROTECCIÓN CIVL. MATERIAL DE TRANSPORTE,60,1,6,0,0,0,14999
60,13400,62500,PROTECCIÓN CIVIL. MOBILIARIO,60,1,6,0,0,0,0
60,13400,62600,PROTECCIÓN CIVIL. EQUIPOS PARA PROCESOS DE INFORMACION,60,1,6,0,0,0,7264.33
60,13400,64100,PROTECCIÓ CIVIL. GASTOS EN APLICACIÓNS INFORMÁTICAS,60,1,6,11500,9018.34,20518.34,20518.33
60,13500,20400,BOMBEIROS. ARRENDAMENTO MATERIAL DE TRANSPORTE,60,1,2,100000,13500,113500,0
60,13500,21200,BOMBEIROS. REPARAC. MANTEM. EDIFICIOS E O.CONSTRUC,60,1,2,3000,0,3000,360.34
60,13500,21300,"BOMBEIROS. REPARAC. MANTEM, MAQUIN.,INSTA E UTILLA.",60,1,2,8100,34940.95,43040.95,27009.37
60,13500,21400,BOMBEIROS. REPARAC. MANTEM. MATERIAL TRANSPORTE,60,1,2,60000,0,60000,44368.6
60,13500,22000,BOMBEIROS. ORDINARIO NON INVENTARIABLE.,60,1,2,0,0,0,0
60,13500,22001,"BOMBEIROS. PRENSA, REVISTAS, LIBROS E OUTRAS PUBLICACIONS",60,1,2,0,0,0,0
60,13500,22002,BOMBEIROS. MATERIAL INFORMÁTICO NON INVENTARIABLE.,60,1,2,0,0,0,0
60,13500,22104,BOMBEIROS. VESTIARIO.,60,1,2,5000,10000,15000,9477.39
60,13500,22110,BOMBEIROS. PRODUCTOS DE LIMPEZA E ASEO.,60,1,2,1000,0,1000,9113.46
60,13500,22699,BOMBEIROS. OUTROS GASTOS DIVERSOS,60,1,2,2000,0,2000,18800.84
60,13500,23020,BOMBEIROS. AXUDAS DE CUSTE DO PERSOAL NON DIRECTIVO.,60,1,2,600,0,600,0
60,13500,23120,BOMBEIROS. LOCOMOCIÓN DO PERSOAL NON DIRECTIVO.,60,1,2,600,0,600,0
60,13500,62200,EDIFICIOS E OUTRAS CONSTRUCCIONS,60,1,6,0,324634.12,324634.12,0
60,13500,62300,"BOMBEIROS. MAQUINARIA, INSTALACIONS E UTILLAXE",60,1,6,1,200000,200001,39593.79
60,13500,62500,BOMBEIROS. MOBILIARIO,60,1,6,1,38586.53,38587.53,21646.9
60,13500,63200,BOMBEIROS. INV. REPOSICION EDIFICIOS E CONSTRUCC.,60,1,6,141001,100000,241001,210048.79
60,44100,22699,TRANSPORTES. OUTROS GASTOS DIVERSOS,60,4,2,10000,0,10000,7042.51
60,44100,45000,TRANSPORTES. TRANSFERENCIAS Á COMUNIDADE AUTONOMA,60,4,4,46800,0,46800,24126.82
60,44100,47900,TRANSPORTES. TRANSFERENCIAS CORRENTES A EMPRESAS PRIVADAS,60,4,4,4595300,-23335,4571965,3970555.38
70,24100,20300,ARRENDAMENTO MAQUIN. INSTALAC. E UTILL.,70,2,2,0,3000,3000,3000
70,24100,21200,FOMENTO DE EMPREGO. REPARAC. MANTEM. EDIFICIOS E O.CONSTRUC,70,2,2,4932,0,4932,5338.11
70,24100,21300,"FOMENTO DE EMPREGO. REPARAC. MANTEM, MAQUIN.,INSTA E UTILLA.",70,2,2,2750,0,2750,805.27
70,24100,21600,FOMENTO DE EMPREGO REPARA. MANTEN. EQUIPOS PROCESOS INFORM.,70,2,2,0,0,0,260.51
70,24100,22000,FOMENTO DO EMPREGO. ORDINARIO NO INVENTARIABLE.,70,2,2,0,0,0,0
70,24100,22001,"FOMENTO DO EMPRENGO.PRENSA,REVISTAS,LIBROS E O.PUBLICACIÓNS",70,2,2,0,0,0,6700.08
70,24100,22102,FOMENTO DO EMPREGO. GAS.,70,2,2,4500,0,4500,5286.95
70,24100,22199,FOMENTO DO EMPREGO. OUTROS SUMINISTROS.,70,2,2,6000,0,6000,6062.61
70,24100,22400,PRIMAS DE SEGUROS,70,2,2,0,2500,2500,905.25
70,24100,22602,FOMENTO DO EMPREGO. PUBLICIDADE E PROPAGANDA.,70,2,2,10000,0,10000,10481.5
70,24100,22606,"FOMENTO DO EMPREGO. REUNIONS, CONFERENCIAS E CURSOS.",70,2,2,1096870.14,-273126.17,823743.97,340436.4
70,24100,22699,FOMENTO DO EMPREGO. OUTROS GASTOS DIVERSOS,70,2,2,94300,5967.17,100267.17,44458.5
70,24100,22701,FOMENTO DO EMPREGO. SEGURIDADE.,70,2,2,2500,0,2500,1909.32
70,24100,22706,FOMENTO DO EMPREGO. ESTUDIOS E TRABALLOS TÉCNICOS.,70,2,2,142035.5,65114.23,207149.73,53745.41
70,24100,22799,OTROS TRABAJOS REALIZADOS POR OTRAS EMPRESAS Y PROFES.,70,2,2,0,7000,7000,6981.02
70,24100,23020,FOMENTO DO EMPREGO. AXUDAS DE CUSTE DO PERSOAL NON DIRECTIVO,70,2,2,0,0,0,0
70,24100,23120,FOMENTO DO EMPREGO. LOCOMOCIÓN DO PERSOAL NON DIRECTIVO,70,2,2,0,0,0,0
70,24100,48901,OUTRAS TRANSFERENCIAS. BECAS,70,2,4,0,7500,7500,728
70,43100,22699,COMERCIO. OUTROS GASTOS DIVERSOS,70,4,2,100000,14938.17,114938.17,124826.85
70,43100,22706,COMERCIO. ESTUDIOS E TRABALLOS TÉCNICOS.,70,4,2,25829.98,41862.88,67692.86,63990.2
70,43100,23020,COMERCIO. AXUDAS DE CUSTE DO PERSOAL NON DIRECTIVO.,70,4,2,0,0,0,0
70,43100,23120,COMERCIO. LOCOMOCIÓN DO PERSOAL NON DIRECTIVO.,70,4,2,0,0,0,0
70,43100,48900,COMERCIO. OUTRAS TRANSFERENCIAS NOMINATIVAS,70,4,4,15000,-10000,5000,0
70,43100,48901,COMERCIO. OUTRAS TRANSFERENCIAS NON NOMINATIVAS,70,4,4,45000,-2212.17,42787.83,39639.17
70,43100,64100,COMERCIO. GASTOS EN APLICACIÓNS INFORMÁTICAS,70,4,6,0,0,0,0
70,43100,77000,COMERCIO.TRANSFERENCIAS CAPITAL A EMPRESAS PRIVAD,70,4,7,40000,0,40000,24255.12
70,43101,21600,MERCADOS. REPARA. MANTEN. EQUIPOS PROCESOS INFORM.,70,4,2,0,0,0,227.24
70,43101,22002,MERCADOS. MATERIAL INFORMÁTICO NON INVENTARIABLE.,70,4,2,5000,0,5000,0
70,43101,22602,MERCADOS. PUBLICIDADE E PROPAGANDA.,70,4,2,0,0,0,105.15
70,43101,22699,MERCADOS. OUTROS GASTOS DIVERSOS.ACTIVIDADES,70,4,2,15000,0,15000,42683.76
70,43101,47900,MERCADOS.TRANSFERENCIAS CORRENTES A EMPRESAS PRIVADAS,70,4,4,10000,0,10000,10000
70,43101,48900,MERCADOS. OUTRAS TRANSFERENCIAS,70,4,4,2100,0,2100,2100
70,43101,72000,MERCADOS. TRANSFERENCIAS CAPITAL A A ADMON.ESTADO,70,4,7,1060210.05,0,1060210.05,913440.14
70,43200,44900,TURISMO. APORTACIONS A SOCIEDADES MERCANTÍS MUNICIPAIS,70,4,4,1720000,0,1720000,1720000
70,43300,22699,PROMOCIÓN ECONÓMICA. OUTROS GASTOS DIVERSOS,70,4,2,80000,0,80000,46404.62
70,43300,22706,PROMOCIÓN ECONÓMICA. ESTUDIOS E TRABALLOS TÉCNICOS.,70,4,2,113025.86,149673.24,262699.1,221537.69
70,43300,44900,APORTACIONS A SOCIEDADES MERCANTÍS MUNICIPAIS,70,4,4,0,20609,20609,20609
70,43300,47900,PROMOCIÓN ECONOMICA.TRANSFER. CORRENTES A EMPRESAS PRIVADAS,70,4,4,255759.34,46783.99,302543.33,80631.25
70,43300,47901,PROMOCIÓN ECONÓMICA. A EMPRESAS PRIVADAS.SANTIAGO INVESTORS,70,4,4,125000,0,125000,119768.19
70,43300,48900,PROMOCIÓN ECONÓMICA. OUTRAS TRANSFERENCIAS,70,4,4,17000,0,17000,0
70,43300,77000,PROMOCION ECONOMICA.TRANSFERENCIAS CAPITAL A EMPRESAS PRIVAD,70,4,7,35000,0,35000,31427.5
70,92300,22001,"ESTATISTICA. PRENSA, REVISTAS, LIBROS E OUTRAS PUBLICACIONS",70,9,2,100,0,100,90
70,92300,22699,ESTATÍSTICA. OUTROS GASTOS DIVERSOS,70,9,2,0,0,0,0
70,92300,22706,ESTATISTICA. ESTUDIOS E TRABALLOS TÉCNICOS.,70,9,2,17195,0,17195,16395.5
80,33403,20200,CSC. ARRENDAMENTOS EDIFICIOS E OUTRAS CONSTR.,80,3,2,44955.24,0,44955.24,44955.24
80,33403,20900,CSC. CÁNONES.,80,3,2,600,0,600,302.98
80,33403,21200,"CSC, REPARAC. MANTEM. EDIFICIOS E O.CONSTRUC",80,3,2,80000,0,80000,81244.25
80,33403,21300,"CENTROS SOCIOC. REPARAC.MANTEM, MAQUIN.,INSTA E UTILLA.",80,3,2,0,0,0,2204.19
80,33403,21600,CSC. REPARA. MANTEN. EQUIPOS PROCESOS INFORM.,80,3,2,2500,0,2500,3485.78
80,33403,22000,CSC. MATERIAL ORDINARIO NO INVENTARIABLE.,80,3,2,2500,0,2500,2230.03
80,33403,22001,"CSC. PRENSA, REVISTAS, LIBROS Y OTRAS PUBLICACIONES.",80,3,2,6000,0,6000,8742.9
80,33403,22002,CSC. MATERIAL INFORMÁTICO NO INVENTARIABLE.,80,3,2,2500,0,2500,1109.21
80,33403,22100,CENTROS SOCIOCULTURAIS. ENERXIA ELECTRICA,80,3,2,0,0,0,1486.57
80,33403,22101,CENTROS SOCIO CULTURAIS. AUGA,80,3,2,0,0,0,358.75
80,33403,22102,CSC. GAS.,80,3,2,3000,0,3000,7861.47
80,33403,22103,CSC. COMBUSTIBLES E CARBURANTES.,80,3,2,15000,0,15000,13242.07
80,33403,22110,CSC. PRODUCTOS DE LIMPEZA E ASEO.,80,3,2,350,0,350,0
80,33403,22300,CSC. TRANSPORTES.,80,3,2,3500,0,3500,5071
80,33403,22400,CSC. PRIMAS DE SEGUROS,80,3,2,600,0,600,181.9
80,33403,22699,CSC. OUTROS GASTOS DIVERSOS,80,3,2,255000,21134.19,276134.19,191634.21
80,33403,22701,CSC. SEGURIDADE,80,3,2,22000,-2232.71,19767.29,19390.22
80,33403,22706,CENTROS SOCIOCULTURAIS. ESTUDOS E TRABALLOS TÉCNICOS.,80,3,2,0,0,0,762.3
80,33403,22799,CSC. OUTROS TRABALLOS REALIZADOS POR OUTRAS EMPRESAS E PROFE,80,3,2,1004000,0,1004000,1055417.17
80,33403,62300,"CSC. MAQUINARIA, INSTALACIONS E UTILLAXE",80,3,6,3000,-2122.84,877.16,698.76
80,33403,62500,CSC. MOBILIARIO,80,3,6,19000,-19000,0,0
80,33403,62600,CSC. EQUIPOS PARA PROCESOS DE INFORMACION,80,3,6,5000,-1.01,4998.99,4998.99
80,33403,62900,CSC.OUTRAS INV NOVAS ASOC O FUNCIONAM OPERATIVO DOS SERV,80,3,6,2000,-10.34,1989.66,1940.73
80,33403,63200,INV. REPOSICION EDIFICIOS E CONSTRUCC.,80,3,6,0,101556.44,101556.44,65692.33
80,33404,21200,P.CULTURAL ASOCIACIÓN VECIÑAIS.REP.MANTEN.EDF.E O.CONSTRUC.,80,3,2,0,0,0,3721.13
80,33404,21300,"P.CULTURAL.AA.VV.REPARAC. MANTEM, MAQUIN.,NSTA E UTILLA.",80,3,2,6800,-1204,5596,3597.78
80,33404,21600,P.C.ASOCIACIONS VECIÑAIS.REP.MANTEN.EQUIPOS PROCESOS INFORM,80,3,2,0,0,0,1448.57
80,33404,22000,P.CULTURAL.ASOCIACIONS VECIÑAIS.ORDINARIO NON INVENTARIABLE.,80,3,2,800,0,800,0
80,33404,22001,"P.CULTURAL. AA.VV.PRENSA,REVISTAS,LIBROS E O.PUBLICACIONS",80,3,2,0,0,0,2348.8
80,33404,22102,PROMOCION CULTURAL ASOCIACION VECIÑAIS.GAS.,80,3,2,0,0,0,3762.45
80,33404,22103,P.CULTURAL.ASOCIACIONS VECIÑAIS.COMBUSTIBLES E CARBURANTES.,80,3,2,1500,0,1500,0
80,33404,22300,P.CULTURAL.ASOCIACIONS VECIÑAIS. TRANSPORTES.,80,3,2,1700,-1700,0,0
80,33404,22603,P.CULTURAL.ASOC.VECIÑAS.PUBLICACIÓN EN DIARIOS OFICIALES.,80,3,2,0,0,0,2574.83
80,33404,22699,P.CULTURAL.ASOCIACIONS VECIÑAIS.OUTROS GASTOS DIVERSOS,80,3,2,10000,0,10000,7189.84
80,33404,22701,P.CULTURAL.ASOCIACIONS VECIÑAIS. SEGURIDADE,80,3,2,2000,0,2000,1099.96
80,33404,22799,P.CULTURAL.AA.VV.OUTROS TRABALLOS REALIZADOS OUTRAS EMPRESAS,80,3,2,20000,5666.32,25666.32,5777.75
80,33404,48901,P.CULTURAL.ASOCIACIONS VECIÑAIS.OUTRAS TRANSFERENCIAS,80,3,4,64800,-5666.32,59133.68,53573.71
80,33800,20300,FESTEXOS.ARRENDAMENTO MAQUIN.INSTALAC.E UTILL.,80,3,2,93000,0,93000,93121.51
80,33800,22400,FESTEXOS. PRIMAS DE SEGUROS,80,3,2,10000,0,10000,0
80,33800,22699,FESTEXOS. OUTROS GASTOS DIVERSOS,80,3,2,887000,192216.33,1079216.33,1067725.55
80,33800,48000,FESTEXOS. ATENCIÓNS BENÉFICAS E ASISTENCIAIS,80,3,4,13000,2000,15000,14670
80,92402,62200,EDIFICIOS E OUTRAS CONSTRUCCIONS,80,9,6,0,0,0,0
80,92500,21600,PRESTACIÓN SOCIAIS. REPARA. MANTEN. EQUIPOS PROCESOS INFORM.,80,9,2,650,0,650,254.55
#,,,TOTALES,,,,100941779.28,25417280.57,126359059.85,97606016.33
